loss,epoch,step,val_loss,val_acc,val_precision,val_recall,val_f1_score,val_specificity,val_auc,acc,precision,recall,f1_score,specificity,auc
0.9853870272636414,0,9,,,,,,,,,,,,,
0.9578949809074402,0,19,,,,,,,,,,,,,
0.9261936545372009,0,29,,,,,,,,,,,,,
1.1457407474517822,0,39,,,,,,,,,,,,,
0.8352106213569641,0,49,,,,,,,,,,,,,
0.91976398229599,0,59,,,,,,,,,,,,,
0.8899555206298828,0,69,,,,,,,,,,,,,
0.9623003602027893,0,79,,,,,,,,,,,,,
0.9579402208328247,0,89,,,,,,,,,,,,,
0.8931595683097839,0,99,,,,,,,,,,,,,
0.8946818709373474,0,109,,,,,,,,,,,,,
0.8949102163314819,0,119,,,,,,,,,,,,,
1.0452052354812622,0,129,,,,,,,,,,,,,
0.9098324775695801,0,139,,,,,,,,,,,,,
0.8953301906585693,0,149,,,,,,,,,,,,,
0.7701981663703918,0,159,,,,,,,,,,,,,
0.9577921032905579,0,169,,,,,,,,,,,,,
0.8952018022537231,0,179,,,,,,,,,,,,,
0.9576172828674316,0,189,,,,,,,,,,,,,
0.988948404788971,0,199,,,,,,,,,,,,,
0.863946259021759,0,209,,,,,,,,,,,,,
0.98895263671875,0,219,,,,,,,,,,,,,
0.9264124035835266,0,229,,,,,,,,,,,,,
0.8952034711837769,0,239,,,,,,,,,,,,,
0.8327003121376038,0,249,,,,,,,,,,,,,
1.020189642906189,0,259,,,,,,,,,,,,,
0.9264770746231079,0,269,,,,,,,,,,,,,
0.926437258720398,0,279,,,,,,,,,,,,,
1.019728660583496,0,289,,,,,,,,,,,,,
0.9577438831329346,0,299,,,,,,,,,,,,,
0.9888474941253662,0,309,,,,,,,,,,,,,
0.9887341856956482,0,319,,,,,,,,,,,,,
0.9888500571250916,0,329,,,,,,,,,,,,,
0.8014273047447205,0,339,,,,,,,,,,,,,
0.9576412439346313,0,349,,,,,,,,,,,,,
1.0827202796936035,0,359,,,,,,,,,,,,,
1.0513707399368286,0,369,,,,,,,,,,,,,
,0,371,0.967157781124115,0.5842857360839844,0.19476191699504852,0.3333333432674408,0.24586714804172516,0.6666666865348816,0.5529927611351013,,,,,,
,0,371,,,,,,,,0.58453369140625,0.2181253731250763,0.33102554082870483,0.24942834675312042,0.666746973991394,0.48289036750793457
0.9298801422119141,1,379,,,,,,,,,,,,,
0.9261749386787415,1,389,,,,,,,,,,,,,
1.0201951265335083,1,399,,,,,,,,,,,,,
0.8955594897270203,1,409,,,,,,,,,,,,,
0.7702428102493286,1,419,,,,,,,,,,,,,
0.8327096104621887,1,429,,,,,,,,,,,,,
0.8966248035430908,1,439,,,,,,,,,,,,,
0.9890954494476318,1,449,,,,,,,,,,,,,
1.0201538801193237,1,459,,,,,,,,,,,,,
1.051193356513977,1,469,,,,,,,,,,,,,
0.8326975703239441,1,479,,,,,,,,,,,,,
0.9577029943466187,1,489,,,,,,,,,,,,,
0.8953257203102112,1,499,,,,,,,,,,,,,
0.9267067909240723,1,509,,,,,,,,,,,,,
1.0192759037017822,1,519,,,,,,,,,,,,,
0.9583139419555664,1,529,,,,,,,,,,,,,
0.8643968105316162,1,539,,,,,,,,,,,,,
0.8990795612335205,1,549,,,,,,,,,,,,,
0.9888670444488525,1,559,,,,,,,,,,,,,
1.114004373550415,1,569,,,,,,,,,,,,,
0.9831424951553345,1,579,,,,,,,,,,,,,
0.9798985719680786,1,589,,,,,,,,,,,,,
0.9387431144714355,1,599,,,,,,,,,,,,,
1.011568546295166,1,609,,,,,,,,,,,,,
0.8966199159622192,1,619,,,,,,,,,,,,,
0.9229551553726196,1,629,,,,,,,,,,,,,
0.8400483131408691,1,639,,,,,,,,,,,,,
0.9013216495513916,1,649,,,,,,,,,,,,,
0.989372730255127,1,659,,,,,,,,,,,,,
1.1337811946868896,1,669,,,,,,,,,,,,,
0.9143615961074829,1,679,,,,,,,,,,,,,
0.9664635062217712,1,689,,,,,,,,,,,,,
0.9412401914596558,1,699,,,,,,,,,,,,,
0.8483021855354309,1,709,,,,,,,,,,,,,
0.9509856700897217,1,719,,,,,,,,,,,,,
0.7882513999938965,1,729,,,,,,,,,,,,,
1.0030971765518188,1,739,,,,,,,,,,,,,
,1,743,0.9463496804237366,0.5866666436195374,0.290452241897583,0.33966901898384094,0.2649173438549042,0.6754501461982727,0.6513769626617432,,,,,,
,1,743,,,,,,,,0.5937861204147339,0.26096922159194946,0.3332667350769043,0.250137060880661,0.6669878959655762,0.5207829475402832
0.8367266058921814,2,749,,,,,,,,,,,,,
0.9934003353118896,2,759,,,,,,,,,,,,,
0.9905399084091187,2,769,,,,,,,,,,,,,
0.7744089365005493,2,779,,,,,,,,,,,,,
0.9713643789291382,2,789,,,,,,,,,,,,,
0.869236171245575,2,799,,,,,,,,,,,,,
1.0491563081741333,2,809,,,,,,,,,,,,,
0.9304715394973755,2,819,,,,,,,,,,,,,
0.954296886920929,2,829,,,,,,,,,,,,,
1.0328319072723389,2,839,,,,,,,,,,,,,
0.8710592985153198,2,849,,,,,,,,,,,,,
1.0528390407562256,2,859,,,,,,,,,,,,,
0.9100333452224731,2,869,,,,,,,,,,,,,
0.8658285140991211,2,879,,,,,,,,,,,,,
0.8877413868904114,2,889,,,,,,,,,,,,,
0.891654372215271,2,899,,,,,,,,,,,,,
1.0446274280548096,2,909,,,,,,,,,,,,,
0.7467055320739746,2,919,,,,,,,,,,,,,
0.943784773349762,2,929,,,,,,,,,,,,,
0.998803436756134,2,939,,,,,,,,,,,,,
0.8843614459037781,2,949,,,,,,,,,,,,,
0.8845996856689453,2,959,,,,,,,,,,,,,
0.9728043079376221,2,969,,,,,,,,,,,,,
0.835368275642395,2,979,,,,,,,,,,,,,
0.9984301328659058,2,989,,,,,,,,,,,,,
0.843948483467102,2,999,,,,,,,,,,,,,
0.806541383266449,2,1009,,,,,,,,,,,,,
0.8682309985160828,2,1019,,,,,,,,,,,,,
0.9405897259712219,2,1029,,,,,,,,,,,,,
0.9423972964286804,2,1039,,,,,,,,,,,,,
0.8451626896858215,2,1049,,,,,,,,,,,,,
0.9246821403503418,2,1059,,,,,,,,,,,,,
0.9402032494544983,2,1069,,,,,,,,,,,,,
0.8262248635292053,2,1079,,,,,,,,,,,,,
0.8541603684425354,2,1089,,,,,,,,,,,,,
0.9669646620750427,2,1099,,,,,,,,,,,,,
0.8247679471969604,2,1109,,,,,,,,,,,,,
,2,1115,0.9168950915336609,0.6242856979370117,0.44183552265167236,0.4430716633796692,0.4078017473220825,0.7071910500526428,0.7257043719291687,,,,,,
,2,1115,,,,,,,,0.5953825116157532,0.41594672203063965,0.34746360778808594,0.2787116765975952,0.6727511286735535,0.5375329256057739
0.9969159364700317,3,1119,,,,,,,,,,,,,
0.9905621409416199,3,1129,,,,,,,,,,,,,
0.8532996773719788,3,1139,,,,,,,,,,,,,
0.8545564413070679,3,1149,,,,,,,,,,,,,
0.8755056262016296,3,1159,,,,,,,,,,,,,
0.8793630599975586,3,1169,,,,,,,,,,,,,
0.8541893362998962,3,1179,,,,,,,,,,,,,
0.8934714198112488,3,1189,,,,,,,,,,,,,
0.9120469093322754,3,1199,,,,,,,,,,,,,
0.9274959564208984,3,1209,,,,,,,,,,,,,
1.0204579830169678,3,1219,,,,,,,,,,,,,
0.9634988903999329,3,1229,,,,,,,,,,,,,
0.8033133149147034,3,1239,,,,,,,,,,,,,
0.9381476044654846,3,1249,,,,,,,,,,,,,
0.8226217031478882,3,1259,,,,,,,,,,,,,
0.8924841284751892,3,1269,,,,,,,,,,,,,
0.8793733716011047,3,1279,,,,,,,,,,,,,
0.8850125074386597,3,1289,,,,,,,,,,,,,
1.0203907489776611,3,1299,,,,,,,,,,,,,
0.8336198925971985,3,1309,,,,,,,,,,,,,
0.9344772696495056,3,1319,,,,,,,,,,,,,
0.890313446521759,3,1329,,,,,,,,,,,,,
0.9481841921806335,3,1339,,,,,,,,,,,,,
0.9778321981430054,3,1349,,,,,,,,,,,,,
0.8801455497741699,3,1359,,,,,,,,,,,,,
0.8672685027122498,3,1369,,,,,,,,,,,,,
0.7517790198326111,3,1379,,,,,,,,,,,,,
0.8361341953277588,3,1389,,,,,,,,,,,,,
0.86076819896698,3,1399,,,,,,,,,,,,,
0.944712221622467,3,1409,,,,,,,,,,,,,
0.9575530886650085,3,1419,,,,,,,,,,,,,
0.9657503962516785,3,1429,,,,,,,,,,,,,
0.892214298248291,3,1439,,,,,,,,,,,,,
0.9708049297332764,3,1449,,,,,,,,,,,,,
0.8970381021499634,3,1459,,,,,,,,,,,,,
0.9498810768127441,3,1469,,,,,,,,,,,,,
0.8927695751190186,3,1479,,,,,,,,,,,,,
,3,1487,0.8870619535446167,0.6538095474243164,0.5664695501327515,0.5577445030212402,0.5196030139923096,0.7710481286048889,0.7519757151603699,,,,,,
,3,1487,,,,,,,,0.6062031984329224,0.47254467010498047,0.3847207725048065,0.3390673100948334,0.6875790953636169,0.5679398775100708
0.9531000256538391,4,1489,,,,,,,,,,,,,
0.8169039487838745,4,1499,,,,,,,,,,,,,
0.8874306082725525,4,1509,,,,,,,,,,,,,
0.8364493250846863,4,1519,,,,,,,,,,,,,
0.8520084619522095,4,1529,,,,,,,,,,,,,
0.8839921951293945,4,1539,,,,,,,,,,,,,
0.8647564053535461,4,1549,,,,,,,,,,,,,
0.854149341583252,4,1559,,,,,,,,,,,,,
0.9487006068229675,4,1569,,,,,,,,,,,,,
0.8804129958152771,4,1579,,,,,,,,,,,,,
0.9589967727661133,4,1589,,,,,,,,,,,,,
0.9058421850204468,4,1599,,,,,,,,,,,,,
0.9030349850654602,4,1609,,,,,,,,,,,,,
0.9021023511886597,4,1619,,,,,,,,,,,,,
0.9664846658706665,4,1629,,,,,,,,,,,,,
0.8365842700004578,4,1639,,,,,,,,,,,,,
0.8438133597373962,4,1649,,,,,,,,,,,,,
0.9019774794578552,4,1659,,,,,,,,,,,,,
0.8704126477241516,4,1669,,,,,,,,,,,,,
0.992925226688385,4,1679,,,,,,,,,,,,,
0.9503681659698486,4,1689,,,,,,,,,,,,,
0.8190037608146667,4,1699,,,,,,,,,,,,,
0.8960415720939636,4,1709,,,,,,,,,,,,,
0.813899576663971,4,1719,,,,,,,,,,,,,
0.9760079979896545,4,1729,,,,,,,,,,,,,
0.9201381802558899,4,1739,,,,,,,,,,,,,
0.8789427876472473,4,1749,,,,,,,,,,,,,
0.8377318382263184,4,1759,,,,,,,,,,,,,
0.807519257068634,4,1769,,,,,,,,,,,,,
1.0197488069534302,4,1779,,,,,,,,,,,,,
0.9963315725326538,4,1789,,,,,,,,,,,,,
0.8652918338775635,4,1799,,,,,,,,,,,,,
0.8747749328613281,4,1809,,,,,,,,,,,,,
0.8500327467918396,4,1819,,,,,,,,,,,,,
0.8810600638389587,4,1829,,,,,,,,,,,,,
0.9122169613838196,4,1839,,,,,,,,,,,,,
0.8211708664894104,4,1849,,,,,,,,,,,,,
0.9392099976539612,4,1859,,,,,,,,,,,,,
,4,1859,0.8731604218482971,0.6638095378875732,0.5782291293144226,0.5583003163337708,0.5355615615844727,0.7740525603294373,0.767418384552002,,,,,,
,4,1859,,,,,,,,0.6175276637077332,0.5233408808708191,0.41587233543395996,0.3839835822582245,0.7016515135765076,0.5961884260177612
0.823323130607605,5,1869,,,,,,,,,,,,,
0.792574405670166,5,1879,,,,,,,,,,,,,
0.8967913389205933,5,1889,,,,,,,,,,,,,
0.9187409281730652,5,1899,,,,,,,,,,,,,
0.8165441751480103,5,1909,,,,,,,,,,,,,
0.8562421798706055,5,1919,,,,,,,,,,,,,
0.9136497974395752,5,1929,,,,,,,,,,,,,
0.9263676404953003,5,1939,,,,,,,,,,,,,
0.8290674686431885,5,1949,,,,,,,,,,,,,
0.8945382237434387,5,1959,,,,,,,,,,,,,
0.8955795764923096,5,1969,,,,,,,,,,,,,
0.8216034770011902,5,1979,,,,,,,,,,,,,
0.7508316040039062,5,1989,,,,,,,,,,,,,
0.7797347903251648,5,1999,,,,,,,,,,,,,
0.8808069825172424,5,2009,,,,,,,,,,,,,
0.8374804854393005,5,2019,,,,,,,,,,,,,
0.7267709374427795,5,2029,,,,,,,,,,,,,
0.909337043762207,5,2039,,,,,,,,,,,,,
1.0492199659347534,5,2049,,,,,,,,,,,,,
0.8827939033508301,5,2059,,,,,,,,,,,,,
0.8182341456413269,5,2069,,,,,,,,,,,,,
0.9818756580352783,5,2079,,,,,,,,,,,,,
0.8150069117546082,5,2089,,,,,,,,,,,,,
0.9440911412239075,5,2099,,,,,,,,,,,,,
0.8866334557533264,5,2109,,,,,,,,,,,,,
0.8883488774299622,5,2119,,,,,,,,,,,,,
0.8294003009796143,5,2129,,,,,,,,,,,,,
0.9234931468963623,5,2139,,,,,,,,,,,,,
0.8255525827407837,5,2149,,,,,,,,,,,,,
0.8310094475746155,5,2159,,,,,,,,,,,,,
0.874029815196991,5,2169,,,,,,,,,,,,,
0.9062210321426392,5,2179,,,,,,,,,,,,,
0.8531174659729004,5,2189,,,,,,,,,,,,,
0.8837586045265198,5,2199,,,,,,,,,,,,,
0.872770369052887,5,2209,,,,,,,,,,,,,
0.8187490701675415,5,2219,,,,,,,,,,,,,
0.836057722568512,5,2229,,,,,,,,,,,,,
,5,2231,0.8922500014305115,0.6404761672019958,0.5582970380783081,0.5977665185928345,0.5669072866439819,0.7917541861534119,0.7692528963088989,,,,,,
,5,2231,,,,,,,,0.6280679106712341,0.5560121536254883,0.44118595123291016,0.4200991690158844,0.7142302989959717,0.6198757290840149
0.914656937122345,6,2239,,,,,,,,,,,,,
0.9186865091323853,6,2249,,,,,,,,,,,,,
0.9167611598968506,6,2259,,,,,,,,,,,,,
0.8171623945236206,6,2269,,,,,,,,,,,,,
0.9279612898826599,6,2279,,,,,,,,,,,,,
0.7886263132095337,6,2289,,,,,,,,,,,,,
0.8772684931755066,6,2299,,,,,,,,,,,,,
0.8843727707862854,6,2309,,,,,,,,,,,,,
0.863189160823822,6,2319,,,,,,,,,,,,,
0.6464592218399048,6,2329,,,,,,,,,,,,,
0.9070879220962524,6,2339,,,,,,,,,,,,,
0.965942919254303,6,2349,,,,,,,,,,,,,
0.7611506581306458,6,2359,,,,,,,,,,,,,
0.7374339699745178,6,2369,,,,,,,,,,,,,
0.9362138509750366,6,2379,,,,,,,,,,,,,
0.7944015860557556,6,2389,,,,,,,,,,,,,
0.8182270526885986,6,2399,,,,,,,,,,,,,
0.9204248189926147,6,2409,,,,,,,,,,,,,
0.8525572419166565,6,2419,,,,,,,,,,,,,
0.7995322346687317,6,2429,,,,,,,,,,,,,
1.0244629383087158,6,2439,,,,,,,,,,,,,
0.9745163321495056,6,2449,,,,,,,,,,,,,
0.8523660898208618,6,2459,,,,,,,,,,,,,
0.9094423651695251,6,2469,,,,,,,,,,,,,
0.8269737958908081,6,2479,,,,,,,,,,,,,
0.8216509819030762,6,2489,,,,,,,,,,,,,
0.814402163028717,6,2499,,,,,,,,,,,,,
0.8782674074172974,6,2509,,,,,,,,,,,,,
0.8552830815315247,6,2519,,,,,,,,,,,,,
0.846189022064209,6,2529,,,,,,,,,,,,,
0.9311929941177368,6,2539,,,,,,,,,,,,,
0.88968825340271,6,2549,,,,,,,,,,,,,
0.9747632741928101,6,2559,,,,,,,,,,,,,
0.841457188129425,6,2569,,,,,,,,,,,,,
0.9414215087890625,6,2579,,,,,,,,,,,,,
0.8927236795425415,6,2589,,,,,,,,,,,,,
0.8108498454093933,6,2599,,,,,,,,,,,,,
,6,2603,0.8688330054283142,0.6690475940704346,0.5921300649642944,0.590451717376709,0.5834249258041382,0.7943907380104065,0.7763841152191162,,,,,,
,6,2603,,,,,,,,0.6370465159416199,0.574173629283905,0.4618324041366577,0.44880297780036926,0.7245837450027466,0.6402928233146667
0.7507032752037048,7,2609,,,,,,,,,,,,,
0.729722797870636,7,2619,,,,,,,,,,,,,
0.7694337368011475,7,2629,,,,,,,,,,,,,
0.9852805733680725,7,2639,,,,,,,,,,,,,
0.8315309882164001,7,2649,,,,,,,,,,,,,
0.9511670470237732,7,2659,,,,,,,,,,,,,
0.7316615581512451,7,2669,,,,,,,,,,,,,
0.8573946356773376,7,2679,,,,,,,,,,,,,
0.8796934485435486,7,2689,,,,,,,,,,,,,
0.9385937452316284,7,2699,,,,,,,,,,,,,
0.7857186198234558,7,2709,,,,,,,,,,,,,
0.899104654788971,7,2719,,,,,,,,,,,,,
0.840241014957428,7,2729,,,,,,,,,,,,,
0.8982043862342834,7,2739,,,,,,,,,,,,,
0.8548113107681274,7,2749,,,,,,,,,,,,,
0.8438612222671509,7,2759,,,,,,,,,,,,,
0.7620202302932739,7,2769,,,,,,,,,,,,,
0.8498598337173462,7,2779,,,,,,,,,,,,,
0.8653388023376465,7,2789,,,,,,,,,,,,,
0.851935625076294,7,2799,,,,,,,,,,,,,
0.7681649327278137,7,2809,,,,,,,,,,,,,
0.7836400270462036,7,2819,,,,,,,,,,,,,
0.7547033429145813,7,2829,,,,,,,,,,,,,
0.9193112850189209,7,2839,,,,,,,,,,,,,
0.8206307291984558,7,2849,,,,,,,,,,,,,
0.807258665561676,7,2859,,,,,,,,,,,,,
0.9275981783866882,7,2869,,,,,,,,,,,,,
0.7524495124816895,7,2879,,,,,,,,,,,,,
0.8556703329086304,7,2889,,,,,,,,,,,,,
0.8445700407028198,7,2899,,,,,,,,,,,,,
0.8592815399169922,7,2909,,,,,,,,,,,,,
0.7893438339233398,7,2919,,,,,,,,,,,,,
0.915348470211029,7,2929,,,,,,,,,,,,,
0.8855218887329102,7,2939,,,,,,,,,,,,,
0.7647097110748291,7,2949,,,,,,,,,,,,,
0.8621630668640137,7,2959,,,,,,,,,,,,,
0.8519794344902039,7,2969,,,,,,,,,,,,,
,7,2975,0.8564391136169434,0.6833333373069763,0.6329061985015869,0.5632818937301636,0.5723753571510315,0.7812524437904358,0.7810906171798706,,,,,,
,7,2975,,,,,,,,0.6444259881973267,0.5861828327178955,0.4775370657444,0.4705716669559479,0.7329671382904053,0.6575981378555298
0.9238194823265076,8,2979,,,,,,,,,,,,,
0.9020255208015442,8,2989,,,,,,,,,,,,,
0.9244625568389893,8,2999,,,,,,,,,,,,,
0.8929475545883179,8,3009,,,,,,,,,,,,,
0.8814705610275269,8,3019,,,,,,,,,,,,,
0.904197096824646,8,3029,,,,,,,,,,,,,
0.8642110228538513,8,3039,,,,,,,,,,,,,
0.8559989333152771,8,3049,,,,,,,,,,,,,
0.8811300992965698,8,3059,,,,,,,,,,,,,
0.8570788502693176,8,3069,,,,,,,,,,,,,
0.8267369270324707,8,3079,,,,,,,,,,,,,
0.8669551014900208,8,3089,,,,,,,,,,,,,
0.8418787121772766,8,3099,,,,,,,,,,,,,
0.7812817692756653,8,3109,,,,,,,,,,,,,
0.7456132173538208,8,3119,,,,,,,,,,,,,
0.9114720821380615,8,3129,,,,,,,,,,,,,
0.8637291193008423,8,3139,,,,,,,,,,,,,
0.7992338538169861,8,3149,,,,,,,,,,,,,
0.8160228729248047,8,3159,,,,,,,,,,,,,
0.9206700325012207,8,3169,,,,,,,,,,,,,
0.810124933719635,8,3179,,,,,,,,,,,,,
0.8918722867965698,8,3189,,,,,,,,,,,,,
0.7820712327957153,8,3199,,,,,,,,,,,,,
0.8144213557243347,8,3209,,,,,,,,,,,,,
0.8084955215454102,8,3219,,,,,,,,,,,,,
0.7878044843673706,8,3229,,,,,,,,,,,,,
0.810137152671814,8,3239,,,,,,,,,,,,,
0.8064969778060913,8,3249,,,,,,,,,,,,,
0.7325599193572998,8,3259,,,,,,,,,,,,,
0.914156973361969,8,3269,,,,,,,,,,,,,
0.8350164294242859,8,3279,,,,,,,,,,,,,
0.7810403108596802,8,3289,,,,,,,,,,,,,
0.8361896276473999,8,3299,,,,,,,,,,,,,
0.8485172986984253,8,3309,,,,,,,,,,,,,
0.823216438293457,8,3319,,,,,,,,,,,,,
0.9966199398040771,8,3329,,,,,,,,,,,,,
0.9152076244354248,8,3339,,,,,,,,,,,,,
,8,3347,0.8509984612464905,0.689047634601593,0.6575494408607483,0.5578546524047852,0.5752794146537781,0.7810523509979248,0.7806396484375,,,,,,
,8,3347,,,,,,,,0.6505177617073059,0.594615638256073,0.49124225974082947,0.4885222017765045,0.7401666045188904,0.6724855899810791
0.9547909498214722,9,3349,,,,,,,,,,,,,
0.8287789821624756,9,3359,,,,,,,,,,,,,
0.7464948296546936,9,3369,,,,,,,,,,,,,
0.8259547352790833,9,3379,,,,,,,,,,,,,
0.7977373003959656,9,3389,,,,,,,,,,,,,
0.8204097747802734,9,3399,,,,,,,,,,,,,
0.7784440517425537,9,3409,,,,,,,,,,,,,
0.8385318517684937,9,3419,,,,,,,,,,,,,
0.7080225348472595,9,3429,,,,,,,,,,,,,
0.8269146084785461,9,3439,,,,,,,,,,,,,
0.9998928904533386,9,3449,,,,,,,,,,,,,
0.9016633033752441,9,3459,,,,,,,,,,,,,
0.8783178329467773,9,3469,,,,,,,,,,,,,
0.9317010045051575,9,3479,,,,,,,,,,,,,
0.9394705891609192,9,3489,,,,,,,,,,,,,
0.8013967275619507,9,3499,,,,,,,,,,,,,
0.7345016598701477,9,3509,,,,,,,,,,,,,
0.9616914987564087,9,3519,,,,,,,,,,,,,
0.7846025228500366,9,3529,,,,,,,,,,,,,
0.8285353183746338,9,3539,,,,,,,,,,,,,
0.6832854151725769,9,3549,,,,,,,,,,,,,
0.7847060561180115,9,3559,,,,,,,,,,,,,
0.8693127632141113,9,3569,,,,,,,,,,,,,
0.9274334907531738,9,3579,,,,,,,,,,,,,
0.7756014466285706,9,3589,,,,,,,,,,,,,
0.8024851679801941,9,3599,,,,,,,,,,,,,
0.8327851891517639,9,3609,,,,,,,,,,,,,
0.8061923384666443,9,3619,,,,,,,,,,,,,
0.9282017946243286,9,3629,,,,,,,,,,,,,
0.8678076267242432,9,3639,,,,,,,,,,,,,
0.8352749347686768,9,3649,,,,,,,,,,,,,
0.8197560906410217,9,3659,,,,,,,,,,,,,
0.7975158095359802,9,3669,,,,,,,,,,,,,
0.7455017566680908,9,3679,,,,,,,,,,,,,
0.8484928607940674,9,3689,,,,,,,,,,,,,
0.8879857659339905,9,3699,,,,,,,,,,,,,
0.8128957152366638,9,3709,,,,,,,,,,,,,
0.9252199530601501,9,3719,,,,,,,,,,,,,
,9,3719,0.8496953248977661,0.6957142949104309,0.6307972073554993,0.5941965579986572,0.5964838266372681,0.8001865148544312,0.7892748713493347,,,,,,
,9,3719,,,,,,,,0.6560499668121338,0.6022499203681946,0.502057671546936,0.5026742219924927,0.7461434006690979,0.6849111914634705
0.8797208070755005,10,3729,,,,,,,,,,,,,
0.788289487361908,10,3739,,,,,,,,,,,,,
0.9058183431625366,10,3749,,,,,,,,,,,,,
0.8111068606376648,10,3759,,,,,,,,,,,,,
0.7934083938598633,10,3769,,,,,,,,,,,,,
0.7562695145606995,10,3779,,,,,,,,,,,,,
0.9352642297744751,10,3789,,,,,,,,,,,,,
0.8917752504348755,10,3799,,,,,,,,,,,,,
0.9212486743927002,10,3809,,,,,,,,,,,,,
0.8917254209518433,10,3819,,,,,,,,,,,,,
0.915310263633728,10,3829,,,,,,,,,,,,,
0.799928605556488,10,3839,,,,,,,,,,,,,
0.8353450894355774,10,3849,,,,,,,,,,,,,
0.7838861346244812,10,3859,,,,,,,,,,,,,
0.8029575347900391,10,3869,,,,,,,,,,,,,
0.8043745160102844,10,3879,,,,,,,,,,,,,
0.838862955570221,10,3889,,,,,,,,,,,,,
0.8067833185195923,10,3899,,,,,,,,,,,,,
0.9503742456436157,10,3909,,,,,,,,,,,,,
0.8517293930053711,10,3919,,,,,,,,,,,,,
0.7772242426872253,10,3929,,,,,,,,,,,,,
0.7219998240470886,10,3939,,,,,,,,,,,,,
0.8223246932029724,10,3949,,,,,,,,,,,,,
0.7511797547340393,10,3959,,,,,,,,,,,,,
0.8638229966163635,10,3969,,,,,,,,,,,,,
0.8584813475608826,10,3979,,,,,,,,,,,,,
0.7521954774856567,10,3989,,,,,,,,,,,,,
0.7775480151176453,10,3999,,,,,,,,,,,,,
0.9226969480514526,10,4009,,,,,,,,,,,,,
0.9270128607749939,10,4019,,,,,,,,,,,,,
0.6916379332542419,10,4029,,,,,,,,,,,,,
0.785402774810791,10,4039,,,,,,,,,,,,,
0.9717618227005005,10,4049,,,,,,,,,,,,,
0.907931387424469,10,4059,,,,,,,,,,,,,
0.9321991801261902,10,4069,,,,,,,,,,,,,
0.8856854438781738,10,4079,,,,,,,,,,,,,
0.9063009023666382,10,4089,,,,,,,,,,,,,
,10,4091,0.8477855920791626,0.6933333277702332,0.6259866952896118,0.6076868772506714,0.5997860431671143,0.80125892162323,0.7890543937683105,,,,,,
,10,4091,,,,,,,,0.6604859232902527,0.6074986457824707,0.5113821029663086,0.5142209529876709,0.7510220408439636,0.6954706311225891
0.8637087941169739,11,4099,,,,,,,,,,,,,
0.9439306259155273,11,4109,,,,,,,,,,,,,
0.8072941899299622,11,4119,,,,,,,,,,,,,
0.8009780645370483,11,4129,,,,,,,,,,,,,
0.7213220000267029,11,4139,,,,,,,,,,,,,
0.834642767906189,11,4149,,,,,,,,,,,,,
0.8692823052406311,11,4159,,,,,,,,,,,,,
0.8152182102203369,11,4169,,,,,,,,,,,,,
0.8762967586517334,11,4179,,,,,,,,,,,,,
0.9231575131416321,11,4189,,,,,,,,,,,,,
0.8167909979820251,11,4199,,,,,,,,,,,,,
0.7247324585914612,11,4209,,,,,,,,,,,,,
0.750910758972168,11,4219,,,,,,,,,,,,,
0.9674447178840637,11,4229,,,,,,,,,,,,,
0.8547835946083069,11,4239,,,,,,,,,,,,,
0.7335571646690369,11,4249,,,,,,,,,,,,,
0.8034747838973999,11,4259,,,,,,,,,,,,,
0.9357025623321533,11,4269,,,,,,,,,,,,,
0.8157451748847961,11,4279,,,,,,,,,,,,,
0.7860578298568726,11,4289,,,,,,,,,,,,,
0.8113546967506409,11,4299,,,,,,,,,,,,,
0.7720347046852112,11,4309,,,,,,,,,,,,,
0.9785162210464478,11,4319,,,,,,,,,,,,,
0.7239291667938232,11,4329,,,,,,,,,,,,,
0.9137815237045288,11,4339,,,,,,,,,,,,,
0.9400138258934021,11,4349,,,,,,,,,,,,,
0.7071135640144348,11,4359,,,,,,,,,,,,,
0.8157071471214294,11,4369,,,,,,,,,,,,,
0.7384680509567261,11,4379,,,,,,,,,,,,,
0.8155815601348877,11,4389,,,,,,,,,,,,,
0.9097453355789185,11,4399,,,,,,,,,,,,,
0.9570437073707581,11,4409,,,,,,,,,,,,,
0.797797679901123,11,4419,,,,,,,,,,,,,
0.9371328353881836,11,4429,,,,,,,,,,,,,
0.7391418218612671,11,4439,,,,,,,,,,,,,
0.7750590443611145,11,4449,,,,,,,,,,,,,
0.9499909281730652,11,4459,,,,,,,,,,,,,
,11,4463,0.8443292379379272,0.700952410697937,0.6710168719291687,0.5829167366027832,0.5975708961486816,0.7901404500007629,0.7884840965270996,,,,,,
,11,4463,,,,,,,,0.6647915244102478,0.6138330698013306,0.5205400586128235,0.525222659111023,0.7557768821716309,0.7047806978225708
0.8708853125572205,12,4469,,,,,,,,,,,,,
0.807424008846283,12,4479,,,,,,,,,,,,,
0.8045276999473572,12,4489,,,,,,,,,,,,,
0.7450278401374817,12,4499,,,,,,,,,,,,,
0.8199209570884705,12,4509,,,,,,,,,,,,,
0.7119626402854919,12,4519,,,,,,,,,,,,,
0.8493044972419739,12,4529,,,,,,,,,,,,,
0.8840287923812866,12,4539,,,,,,,,,,,,,
0.78828364610672,12,4549,,,,,,,,,,,,,
0.8134375214576721,12,4559,,,,,,,,,,,,,
0.8416473865509033,12,4569,,,,,,,,,,,,,
0.820865273475647,12,4579,,,,,,,,,,,,,
0.8244108557701111,12,4589,,,,,,,,,,,,,
0.7996520400047302,12,4599,,,,,,,,,,,,,
0.8872576355934143,12,4609,,,,,,,,,,,,,
0.9012499451637268,12,4619,,,,,,,,,,,,,
0.6582323312759399,12,4629,,,,,,,,,,,,,
0.831447184085846,12,4639,,,,,,,,,,,,,
0.8966190814971924,12,4649,,,,,,,,,,,,,
0.9272902011871338,12,4659,,,,,,,,,,,,,
0.8804930448532104,12,4669,,,,,,,,,,,,,
0.8212669491767883,12,4679,,,,,,,,,,,,,
0.8347246050834656,12,4689,,,,,,,,,,,,,
0.9032469391822815,12,4699,,,,,,,,,,,,,
0.7657596468925476,12,4709,,,,,,,,,,,,,
0.8949798345565796,12,4719,,,,,,,,,,,,,
0.8132537603378296,12,4729,,,,,,,,,,,,,
0.8320779204368591,12,4739,,,,,,,,,,,,,
0.8399940729141235,12,4749,,,,,,,,,,,,,
0.8574995398521423,12,4759,,,,,,,,,,,,,
0.834922194480896,12,4769,,,,,,,,,,,,,
0.8831063508987427,12,4779,,,,,,,,,,,,,
0.8657628893852234,12,4789,,,,,,,,,,,,,
0.7712224125862122,12,4799,,,,,,,,,,,,,
0.9923787117004395,12,4809,,,,,,,,,,,,,
0.7205430865287781,12,4819,,,,,,,,,,,,,
0.9480408430099487,12,4829,,,,,,,,,,,,,
,12,4835,0.8415317535400391,0.6990476250648499,0.6648709774017334,0.5912044048309326,0.6135876178741455,0.801281213760376,0.7926421165466309,,,,,,
,12,4835,,,,,,,,0.6688656210899353,0.6192536950111389,0.5280592441558838,0.5344241857528687,0.7598166465759277,0.713055431842804
0.8530352115631104,13,4839,,,,,,,,,,,,,
0.7759386897087097,13,4849,,,,,,,,,,,,,
0.897661566734314,13,4859,,,,,,,,,,,,,
0.8159838318824768,13,4869,,,,,,,,,,,,,
0.883224368095398,13,4879,,,,,,,,,,,,,
0.8514401912689209,13,4889,,,,,,,,,,,,,
0.8643683195114136,13,4899,,,,,,,,,,,,,
0.8815302848815918,13,4909,,,,,,,,,,,,,
0.7021288275718689,13,4919,,,,,,,,,,,,,
0.7668377757072449,13,4929,,,,,,,,,,,,,
0.8186993598937988,13,4939,,,,,,,,,,,,,
0.9620789885520935,13,4949,,,,,,,,,,,,,
0.8074201941490173,13,4959,,,,,,,,,,,,,
0.7048607468605042,13,4969,,,,,,,,,,,,,
0.8810403347015381,13,4979,,,,,,,,,,,,,
0.746995210647583,13,4989,,,,,,,,,,,,,
0.7774478793144226,13,4999,,,,,,,,,,,,,
0.8483994007110596,13,5009,,,,,,,,,,,,,
0.7966879606246948,13,5019,,,,,,,,,,,,,
0.7193437218666077,13,5029,,,,,,,,,,,,,
0.7888936400413513,13,5039,,,,,,,,,,,,,
0.7485079765319824,13,5049,,,,,,,,,,,,,
0.8588740825653076,13,5059,,,,,,,,,,,,,
0.7569389939308167,13,5069,,,,,,,,,,,,,
0.7959094047546387,13,5079,,,,,,,,,,,,,
0.8108866214752197,13,5089,,,,,,,,,,,,,
0.7829138040542603,13,5099,,,,,,,,,,,,,
0.931950032711029,13,5109,,,,,,,,,,,,,
0.8426894545555115,13,5119,,,,,,,,,,,,,
0.8690654635429382,13,5129,,,,,,,,,,,,,
0.8570781946182251,13,5139,,,,,,,,,,,,,
0.8106389045715332,13,5149,,,,,,,,,,,,,
0.7735768556594849,13,5159,,,,,,,,,,,,,
0.8755558729171753,13,5169,,,,,,,,,,,,,
0.8536704778671265,13,5179,,,,,,,,,,,,,
0.8664404153823853,13,5189,,,,,,,,,,,,,
0.6702985167503357,13,5199,,,,,,,,,,,,,
,13,5207,0.8520824909210205,0.6871428489685059,0.6616382002830505,0.5635932683944702,0.588265061378479,0.7870200276374817,0.7881877422332764,,,,,,
,13,5207,,,,,,,,0.6727242469787598,0.6248254776000977,0.5349106192588806,0.542989194393158,0.7635196447372437,0.7203831672668457
0.8619773387908936,14,5209,,,,,,,,,,,,,
0.8868491649627686,14,5219,,,,,,,,,,,,,
0.8499112129211426,14,5229,,,,,,,,,,,,,
0.6873254776000977,14,5239,,,,,,,,,,,,,
0.8593477010726929,14,5249,,,,,,,,,,,,,
0.7501107454299927,14,5259,,,,,,,,,,,,,
0.873177707195282,14,5269,,,,,,,,,,,,,
0.8413604497909546,14,5279,,,,,,,,,,,,,
0.8221402168273926,14,5289,,,,,,,,,,,,,
0.9490588903427124,14,5299,,,,,,,,,,,,,
0.8257147669792175,14,5309,,,,,,,,,,,,,
0.7747461199760437,14,5319,,,,,,,,,,,,,
0.8142216205596924,14,5329,,,,,,,,,,,,,
0.7089142799377441,14,5339,,,,,,,,,,,,,
0.8540956974029541,14,5349,,,,,,,,,,,,,
0.7700456380844116,14,5359,,,,,,,,,,,,,
0.8591762781143188,14,5369,,,,,,,,,,,,,
0.8665392398834229,14,5379,,,,,,,,,,,,,
0.8265824317932129,14,5389,,,,,,,,,,,,,
0.7912476062774658,14,5399,,,,,,,,,,,,,
0.7085937261581421,14,5409,,,,,,,,,,,,,
0.9246224761009216,14,5419,,,,,,,,,,,,,
0.8102244138717651,14,5429,,,,,,,,,,,,,
0.865253746509552,14,5439,,,,,,,,,,,,,
0.7636953592300415,14,5449,,,,,,,,,,,,,
0.8678470849990845,14,5459,,,,,,,,,,,,,
0.7391750812530518,14,5469,,,,,,,,,,,,,
0.8265581727027893,14,5479,,,,,,,,,,,,,
0.6620576977729797,14,5489,,,,,,,,,,,,,
0.8155827522277832,14,5499,,,,,,,,,,,,,
0.9238645434379578,14,5509,,,,,,,,,,,,,
0.842183530330658,14,5519,,,,,,,,,,,,,
0.7622949481010437,14,5529,,,,,,,,,,,,,
0.7187778949737549,14,5539,,,,,,,,,,,,,
0.9495674967765808,14,5549,,,,,,,,,,,,,
0.844268262386322,14,5559,,,,,,,,,,,,,
0.7342155575752258,14,5569,,,,,,,,,,,,,
0.7912216782569885,14,5579,,,,,,,,,,,,,
,14,5579,0.838414192199707,0.700952410697937,0.6391037702560425,0.6178094148635864,0.618583083152771,0.809100866317749,0.8008823394775391,,,,,,
,14,5579,,,,,,,,0.6762468814849854,0.6299771666526794,0.5410233736038208,0.5504652857780457,0.766852855682373,0.7269080877304077
0.7700750231742859,15,5589,,,,,,,,,,,,,
0.8412981629371643,15,5599,,,,,,,,,,,,,
0.7749404311180115,15,5609,,,,,,,,,,,,,
0.8012129068374634,15,5619,,,,,,,,,,,,,
0.7987439632415771,15,5629,,,,,,,,,,,,,
0.9369016885757446,15,5639,,,,,,,,,,,,,
0.6650606989860535,15,5649,,,,,,,,,,,,,
0.7555326819419861,15,5659,,,,,,,,,,,,,
0.9147745370864868,15,5669,,,,,,,,,,,,,
0.8774916529655457,15,5679,,,,,,,,,,,,,
0.8115245699882507,15,5689,,,,,,,,,,,,,
0.7985132336616516,15,5699,,,,,,,,,,,,,
0.7933577299118042,15,5709,,,,,,,,,,,,,
0.8501747250556946,15,5719,,,,,,,,,,,,,
0.913205623626709,15,5729,,,,,,,,,,,,,
0.7535326480865479,15,5739,,,,,,,,,,,,,
0.7836256623268127,15,5749,,,,,,,,,,,,,
0.9042930603027344,15,5759,,,,,,,,,,,,,
0.7477755546569824,15,5769,,,,,,,,,,,,,
0.8169831037521362,15,5779,,,,,,,,,,,,,
0.711581289768219,15,5789,,,,,,,,,,,,,
0.7816327214241028,15,5799,,,,,,,,,,,,,
0.7986555695533752,15,5809,,,,,,,,,,,,,
0.7617082595825195,15,5819,,,,,,,,,,,,,
0.8824421167373657,15,5829,,,,,,,,,,,,,
0.7249521613121033,15,5839,,,,,,,,,,,,,
0.8454198241233826,15,5849,,,,,,,,,,,,,
0.7659807205200195,15,5859,,,,,,,,,,,,,
0.695241391658783,15,5869,,,,,,,,,,,,,
0.8205257654190063,15,5879,,,,,,,,,,,,,
0.8847625851631165,15,5889,,,,,,,,,,,,,
0.8669068217277527,15,5899,,,,,,,,,,,,,
0.8261163830757141,15,5909,,,,,,,,,,,,,
0.8054842352867126,15,5919,,,,,,,,,,,,,
0.7163794636726379,15,5929,,,,,,,,,,,,,
0.7776015996932983,15,5939,,,,,,,,,,,,,
0.8087490200996399,15,5949,,,,,,,,,,,,,
,15,5951,0.8368722796440125,0.7095237970352173,0.6791160702705383,0.5989083051681519,0.6182252168655396,0.8012360334396362,0.7971938848495483,,,,,,
,15,5951,,,,,,,,0.6795620322227478,0.6348008513450623,0.546860933303833,0.5574980974197388,0.7700485587120056,0.7328053712844849
0.8040958046913147,16,5959,,,,,,,,,,,,,
0.6916409134864807,16,5969,,,,,,,,,,,,,
0.7834252119064331,16,5979,,,,,,,,,,,,,
0.6848092079162598,16,5989,,,,,,,,,,,,,
0.8951000571250916,16,5999,,,,,,,,,,,,,
0.808857798576355,16,6009,,,,,,,,,,,,,
0.7997497320175171,16,6019,,,,,,,,,,,,,
0.7468276023864746,16,6029,,,,,,,,,,,,,
0.6973697543144226,16,6039,,,,,,,,,,,,,
0.8812538981437683,16,6049,,,,,,,,,,,,,
0.8941014409065247,16,6059,,,,,,,,,,,,,
0.8482590317726135,16,6069,,,,,,,,,,,,,
0.7701556086540222,16,6079,,,,,,,,,,,,,
0.7588229179382324,16,6089,,,,,,,,,,,,,
0.8647369742393494,16,6099,,,,,,,,,,,,,
0.7836915850639343,16,6109,,,,,,,,,,,,,
0.851755678653717,16,6119,,,,,,,,,,,,,
0.805245578289032,16,6129,,,,,,,,,,,,,
0.9544822573661804,16,6139,,,,,,,,,,,,,
0.7996587753295898,16,6149,,,,,,,,,,,,,
0.8102990388870239,16,6159,,,,,,,,,,,,,
0.8843955993652344,16,6169,,,,,,,,,,,,,
0.7866799235343933,16,6179,,,,,,,,,,,,,
0.8017190098762512,16,6189,,,,,,,,,,,,,
0.7704980373382568,16,6199,,,,,,,,,,,,,
0.8416115045547485,16,6209,,,,,,,,,,,,,
0.7356155514717102,16,6219,,,,,,,,,,,,,
0.8213062286376953,16,6229,,,,,,,,,,,,,
0.8593301177024841,16,6239,,,,,,,,,,,,,
0.8036947250366211,16,6249,,,,,,,,,,,,,
0.8201993703842163,16,6259,,,,,,,,,,,,,
0.7998133897781372,16,6269,,,,,,,,,,,,,
0.7675367593765259,16,6279,,,,,,,,,,,,,
0.884364664554596,16,6289,,,,,,,,,,,,,
0.8169288635253906,16,6299,,,,,,,,,,,,,
0.8630930185317993,16,6309,,,,,,,,,,,,,
0.8489804267883301,16,6319,,,,,,,,,,,,,
,16,6323,0.8388124704360962,0.704285740852356,0.6953222155570984,0.5815542936325073,0.6048005223274231,0.7894392609596252,0.7952613830566406,,,,,,
,16,6323,,,,,,,,0.6830365657806396,0.6398293375968933,0.5524442195892334,0.5642370581626892,0.7730566263198853,0.7382660508155823
0.7267492413520813,17,6329,,,,,,,,,,,,,
0.710551381111145,17,6339,,,,,,,,,,,,,
0.7374269366264343,17,6349,,,,,,,,,,,,,
0.9242240786552429,17,6359,,,,,,,,,,,,,
0.7888512015342712,17,6369,,,,,,,,,,,,,
0.9682420492172241,17,6379,,,,,,,,,,,,,
0.7580291032791138,17,6389,,,,,,,,,,,,,
0.9909868836402893,17,6399,,,,,,,,,,,,,
0.7412457466125488,17,6409,,,,,,,,,,,,,
0.7747671008110046,17,6419,,,,,,,,,,,,,
0.827697217464447,17,6429,,,,,,,,,,,,,
0.687812864780426,17,6439,,,,,,,,,,,,,
0.7327756881713867,17,6449,,,,,,,,,,,,,
0.7980117797851562,17,6459,,,,,,,,,,,,,
0.8154957294464111,17,6469,,,,,,,,,,,,,
0.7700372934341431,17,6479,,,,,,,,,,,,,
0.7351035475730896,17,6489,,,,,,,,,,,,,
0.8995456695556641,17,6499,,,,,,,,,,,,,
0.6925082802772522,17,6509,,,,,,,,,,,,,
0.6908767223358154,17,6519,,,,,,,,,,,,,
0.7681707739830017,17,6529,,,,,,,,,,,,,
0.8358749747276306,17,6539,,,,,,,,,,,,,
0.8792100548744202,17,6549,,,,,,,,,,,,,
0.8506555557250977,17,6559,,,,,,,,,,,,,
0.9429820775985718,17,6569,,,,,,,,,,,,,
0.7572463154792786,17,6579,,,,,,,,,,,,,
0.793095588684082,17,6589,,,,,,,,,,,,,
0.8300313949584961,17,6599,,,,,,,,,,,,,
0.8657545447349548,17,6609,,,,,,,,,,,,,
0.8616840839385986,17,6619,,,,,,,,,,,,,
0.7774103879928589,17,6629,,,,,,,,,,,,,
0.8207562565803528,17,6639,,,,,,,,,,,,,
0.782924234867096,17,6649,,,,,,,,,,,,,
0.8142529726028442,17,6659,,,,,,,,,,,,,
0.9092536568641663,17,6669,,,,,,,,,,,,,
0.9122316837310791,17,6679,,,,,,,,,,,,,
0.845316469669342,17,6689,,,,,,,,,,,,,
,17,6695,0.835726797580719,0.7028571367263794,0.6480575203895569,0.6256239414215088,0.631790280342102,0.813736081123352,0.8039402961730957,,,,,,
,17,6695,,,,,,,,0.6861884593963623,0.6441870927810669,0.5574979782104492,0.5701950192451477,0.7758503556251526,0.7432957887649536
0.7334282994270325,18,6699,,,,,,,,,,,,,
0.7597641348838806,18,6709,,,,,,,,,,,,,
0.789217472076416,18,6719,,,,,,,,,,,,,
0.7702245116233826,18,6729,,,,,,,,,,,,,
0.8162476420402527,18,6739,,,,,,,,,,,,,
0.8268300294876099,18,6749,,,,,,,,,,,,,
0.8844062685966492,18,6759,,,,,,,,,,,,,
0.8829171657562256,18,6769,,,,,,,,,,,,,
0.6872203946113586,18,6779,,,,,,,,,,,,,
0.7816944122314453,18,6789,,,,,,,,,,,,,
0.795626163482666,18,6799,,,,,,,,,,,,,
0.7572591304779053,18,6809,,,,,,,,,,,,,
0.893126904964447,18,6819,,,,,,,,,,,,,
0.8257576823234558,18,6829,,,,,,,,,,,,,
0.819678544998169,18,6839,,,,,,,,,,,,,
0.6536126732826233,18,6849,,,,,,,,,,,,,
0.9029396772384644,18,6859,,,,,,,,,,,,,
0.7723177075386047,18,6869,,,,,,,,,,,,,
0.8485335111618042,18,6879,,,,,,,,,,,,,
0.8424978256225586,18,6889,,,,,,,,,,,,,
0.8133199214935303,18,6899,,,,,,,,,,,,,
0.8319495320320129,18,6909,,,,,,,,,,,,,
0.8169040083885193,18,6919,,,,,,,,,,,,,
0.7646026611328125,18,6929,,,,,,,,,,,,,
0.8907236456871033,18,6939,,,,,,,,,,,,,
0.8621703386306763,18,6949,,,,,,,,,,,,,
0.8582137227058411,18,6959,,,,,,,,,,,,,
0.878527820110321,18,6969,,,,,,,,,,,,,
0.8810030817985535,18,6979,,,,,,,,,,,,,
0.8846836686134338,18,6989,,,,,,,,,,,,,
0.8476079106330872,18,6999,,,,,,,,,,,,,
0.9139174818992615,18,7009,,,,,,,,,,,,,
0.7835601568222046,18,7019,,,,,,,,,,,,,
0.8484140634536743,18,7029,,,,,,,,,,,,,
0.7869386076927185,18,7039,,,,,,,,,,,,,
0.7139679789543152,18,7049,,,,,,,,,,,,,
0.9454381465911865,18,7059,,,,,,,,,,,,,
,18,7067,0.835838258266449,0.7095237970352173,0.6823438405990601,0.6004637479782104,0.6216655373573303,0.8018900752067566,0.7993671894073486,,,,,,
,18,7067,,,,,,,,0.6892966032028198,0.6486048102378845,0.5625527501106262,0.576179563999176,0.7786655426025391,0.7480867505073547
0.8137090802192688,19,7069,,,,,,,,,,,,,
0.7612726092338562,19,7079,,,,,,,,,,,,,
0.7837539315223694,19,7089,,,,,,,,,,,,,
0.8800027966499329,19,7099,,,,,,,,,,,,,
0.7429137825965881,19,7109,,,,,,,,,,,,,
0.7716303467750549,19,7119,,,,,,,,,,,,,
0.792271614074707,19,7129,,,,,,,,,,,,,
0.8043819665908813,19,7139,,,,,,,,,,,,,
0.8789429068565369,19,7149,,,,,,,,,,,,,
0.9208638072013855,19,7159,,,,,,,,,,,,,
0.7859002351760864,19,7169,,,,,,,,,,,,,
0.784555196762085,19,7179,,,,,,,,,,,,,
0.727460503578186,19,7189,,,,,,,,,,,,,
0.7925525903701782,19,7199,,,,,,,,,,,,,
0.8959804773330688,19,7209,,,,,,,,,,,,,
0.6644396781921387,19,7219,,,,,,,,,,,,,
0.8438937067985535,19,7229,,,,,,,,,,,,,
0.8049716353416443,19,7239,,,,,,,,,,,,,
0.7556145191192627,19,7249,,,,,,,,,,,,,
0.7415320873260498,19,7259,,,,,,,,,,,,,
0.9125328063964844,19,7269,,,,,,,,,,,,,
0.8062264919281006,19,7279,,,,,,,,,,,,,
0.8252835273742676,19,7289,,,,,,,,,,,,,
1.0277708768844604,19,7299,,,,,,,,,,,,,
0.85163414478302,19,7309,,,,,,,,,,,,,
0.7328022718429565,19,7319,,,,,,,,,,,,,
0.8279358744621277,19,7329,,,,,,,,,,,,,
0.8162388205528259,19,7339,,,,,,,,,,,,,
0.6866375207901001,19,7349,,,,,,,,,,,,,
0.7223424315452576,19,7359,,,,,,,,,,,,,
0.6624677777290344,19,7369,,,,,,,,,,,,,
0.6821675896644592,19,7379,,,,,,,,,,,,,
0.9684886932373047,19,7389,,,,,,,,,,,,,
0.7496092319488525,19,7399,,,,,,,,,,,,,
0.8384937047958374,19,7409,,,,,,,,,,,,,
0.9471520185470581,19,7419,,,,,,,,,,,,,
0.8094843626022339,19,7429,,,,,,,,,,,,,
0.7936645746231079,19,7439,,,,,,,,,,,,,
,19,7439,0.833935558795929,0.7023809552192688,0.6626694202423096,0.6031537055969238,0.6204391717910767,0.8034642934799194,0.8000016212463379,,,,,,
,19,7439,,,,,,,,0.6921428442001343,0.652636706829071,0.567205011844635,0.5815593600273132,0.7811890244483948,0.752309262752533
0.7875773906707764,20,7449,,,,,,,,,,,,,
0.8290354013442993,20,7459,,,,,,,,,,,,,
0.6923692226409912,20,7469,,,,,,,,,,,,,
0.8231738805770874,20,7479,,,,,,,,,,,,,
0.8178313970565796,20,7489,,,,,,,,,,,,,
0.8721632957458496,20,7499,,,,,,,,,,,,,
0.7804560661315918,20,7509,,,,,,,,,,,,,
0.7883385419845581,20,7519,,,,,,,,,,,,,
0.8151660561561584,20,7529,,,,,,,,,,,,,
0.7758899927139282,20,7539,,,,,,,,,,,,,
0.8554583191871643,20,7549,,,,,,,,,,,,,
0.7425774931907654,20,7559,,,,,,,,,,,,,
0.840358316898346,20,7569,,,,,,,,,,,,,
0.8197782635688782,20,7579,,,,,,,,,,,,,
0.8081158399581909,20,7589,,,,,,,,,,,,,
0.6922670006752014,20,7599,,,,,,,,,,,,,
0.855218768119812,20,7609,,,,,,,,,,,,,
0.7282596826553345,20,7619,,,,,,,,,,,,,
0.7611103653907776,20,7629,,,,,,,,,,,,,
0.8748774528503418,20,7639,,,,,,,,,,,,,
0.8771225214004517,20,7649,,,,,,,,,,,,,
0.7750088572502136,20,7659,,,,,,,,,,,,,
0.7464187741279602,20,7669,,,,,,,,,,,,,
0.7735002040863037,20,7679,,,,,,,,,,,,,
0.8690854907035828,20,7689,,,,,,,,,,,,,
0.8358396291732788,20,7699,,,,,,,,,,,,,
0.7113471627235413,20,7709,,,,,,,,,,,,,
0.7818806171417236,20,7719,,,,,,,,,,,,,
0.7239986062049866,20,7729,,,,,,,,,,,,,
0.8057031035423279,20,7739,,,,,,,,,,,,,
0.7687591910362244,20,7749,,,,,,,,,,,,,
0.9164989590644836,20,7759,,,,,,,,,,,,,
0.7630077004432678,20,7769,,,,,,,,,,,,,
0.8250291347503662,20,7779,,,,,,,,,,,,,
0.8569251894950867,20,7789,,,,,,,,,,,,,
0.8242170810699463,20,7799,,,,,,,,,,,,,
0.7747724652290344,20,7809,,,,,,,,,,,,,
,20,7811,0.8338789939880371,0.7147619128227234,0.7059528827667236,0.5978153347969055,0.6250195503234863,0.8011122345924377,0.7954191565513611,,,,,,
,20,7811,,,,,,,,0.6950681209564209,0.656711995601654,0.5717406868934631,0.5868390202522278,0.7836676239967346,0.7565388679504395
0.7741914391517639,21,7819,,,,,,,,,,,,,
0.6563935279846191,21,7829,,,,,,,,,,,,,
0.7214106917381287,21,7839,,,,,,,,,,,,,
0.7805216908454895,21,7849,,,,,,,,,,,,,
0.7409555315971375,21,7859,,,,,,,,,,,,,
0.8234050869941711,21,7869,,,,,,,,,,,,,
0.6664470434188843,21,7879,,,,,,,,,,,,,
0.7419969439506531,21,7889,,,,,,,,,,,,,
0.7978249192237854,21,7899,,,,,,,,,,,,,
0.7403223514556885,21,7909,,,,,,,,,,,,,
0.7082405090332031,21,7919,,,,,,,,,,,,,
0.759836733341217,21,7929,,,,,,,,,,,,,
0.875076174736023,21,7939,,,,,,,,,,,,,
0.7682294249534607,21,7949,,,,,,,,,,,,,
0.7928411364555359,21,7959,,,,,,,,,,,,,
0.8075331449508667,21,7969,,,,,,,,,,,,,
0.7831950187683105,21,7979,,,,,,,,,,,,,
0.7643280625343323,21,7989,,,,,,,,,,,,,
0.8229695558547974,21,7999,,,,,,,,,,,,,
0.6817321181297302,21,8009,,,,,,,,,,,,,
0.8097893595695496,21,8019,,,,,,,,,,,,,
0.8647684454917908,21,8029,,,,,,,,,,,,,
0.7660031914710999,21,8039,,,,,,,,,,,,,
0.9171448945999146,21,8049,,,,,,,,,,,,,
0.6977590918540955,21,8059,,,,,,,,,,,,,
0.812506914138794,21,8069,,,,,,,,,,,,,
0.800758957862854,21,8079,,,,,,,,,,,,,
0.7395327091217041,21,8089,,,,,,,,,,,,,
1.030333399772644,21,8099,,,,,,,,,,,,,
1.0837533473968506,21,8109,,,,,,,,,,,,,
0.7596539855003357,21,8119,,,,,,,,,,,,,
0.9757847785949707,21,8129,,,,,,,,,,,,,
0.807895302772522,21,8139,,,,,,,,,,,,,
0.7515558004379272,21,8149,,,,,,,,,,,,,
0.6330907940864563,21,8159,,,,,,,,,,,,,
0.7865322232246399,21,8169,,,,,,,,,,,,,
0.8574522733688354,21,8179,,,,,,,,,,,,,
,21,8183,0.8282060027122498,0.7157142758369446,0.682867169380188,0.6176599264144897,0.6351622343063354,0.8092445135116577,0.8066031336784363,,,,,,
,21,8183,,,,,,,,0.6978563070297241,0.6608391404151917,0.5761711001396179,0.5919650197029114,0.786022424697876,0.7604087591171265
0.682373583316803,22,8189,,,,,,,,,,,,,
0.6649834513664246,22,8199,,,,,,,,,,,,,
0.5972234606742859,22,8209,,,,,,,,,,,,,
0.7269140481948853,22,8219,,,,,,,,,,,,,
0.7720991969108582,22,8229,,,,,,,,,,,,,
0.8229095339775085,22,8239,,,,,,,,,,,,,
0.8502539992332458,22,8249,,,,,,,,,,,,,
0.7676777839660645,22,8259,,,,,,,,,,,,,
0.6404445171356201,22,8269,,,,,,,,,,,,,
0.6872069239616394,22,8279,,,,,,,,,,,,,
0.6458200216293335,22,8289,,,,,,,,,,,,,
0.8329326510429382,22,8299,,,,,,,,,,,,,
0.8386500477790833,22,8309,,,,,,,,,,,,,
0.7646941542625427,22,8319,,,,,,,,,,,,,
0.7874776124954224,22,8329,,,,,,,,,,,,,
0.8276486396789551,22,8339,,,,,,,,,,,,,
0.8694177269935608,22,8349,,,,,,,,,,,,,
0.8273558616638184,22,8359,,,,,,,,,,,,,
0.7664376497268677,22,8369,,,,,,,,,,,,,
0.8049061894416809,22,8379,,,,,,,,,,,,,
0.6857249736785889,22,8389,,,,,,,,,,,,,
0.7874757051467896,22,8399,,,,,,,,,,,,,
0.7905788421630859,22,8409,,,,,,,,,,,,,
0.8408324122428894,22,8419,,,,,,,,,,,,,
0.7600260376930237,22,8429,,,,,,,,,,,,,
0.7760171294212341,22,8439,,,,,,,,,,,,,
0.9331115484237671,22,8449,,,,,,,,,,,,,
0.848131000995636,22,8459,,,,,,,,,,,,,
0.8390726447105408,22,8469,,,,,,,,,,,,,
0.9155612587928772,22,8479,,,,,,,,,,,,,
0.8086068034172058,22,8489,,,,,,,,,,,,,
0.8032406568527222,22,8499,,,,,,,,,,,,,
0.78926682472229,22,8509,,,,,,,,,,,,,
0.7406482100486755,22,8519,,,,,,,,,,,,,
0.7683464884757996,22,8529,,,,,,,,,,,,,
0.8054768443107605,22,8539,,,,,,,,,,,,,
0.8517793416976929,22,8549,,,,,,,,,,,,,
,22,8555,0.8326977491378784,0.7071428298950195,0.6774568557739258,0.6167954802513123,0.6370720863342285,0.8087543249130249,0.8036547899246216,,,,,,
,22,8555,,,,,,,,0.7007197141647339,0.6650224328041077,0.5804910063743591,0.5969782471656799,0.7883351445198059,0.7640151381492615
0.7548691034317017,23,8559,,,,,,,,,,,,,
0.7225221991539001,23,8569,,,,,,,,,,,,,
0.8189918398857117,23,8579,,,,,,,,,,,,,
0.7273105978965759,23,8589,,,,,,,,,,,,,
0.7176177501678467,23,8599,,,,,,,,,,,,,
0.7100132703781128,23,8609,,,,,,,,,,,,,
0.7279650568962097,23,8619,,,,,,,,,,,,,
0.7449859380722046,23,8629,,,,,,,,,,,,,
0.8436204195022583,23,8639,,,,,,,,,,,,,
0.6851344704627991,23,8649,,,,,,,,,,,,,
0.810370683670044,23,8659,,,,,,,,,,,,,
0.6634885668754578,23,8669,,,,,,,,,,,,,
0.8258091807365417,23,8679,,,,,,,,,,,,,
0.7769353985786438,23,8689,,,,,,,,,,,,,
0.8120783567428589,23,8699,,,,,,,,,,,,,
0.7949337363243103,23,8709,,,,,,,,,,,,,
0.9297193288803101,23,8719,,,,,,,,,,,,,
0.7727136015892029,23,8729,,,,,,,,,,,,,
0.8418649435043335,23,8739,,,,,,,,,,,,,
0.811565637588501,23,8749,,,,,,,,,,,,,
0.7721803188323975,23,8759,,,,,,,,,,,,,
0.8389387726783752,23,8769,,,,,,,,,,,,,
0.7897765040397644,23,8779,,,,,,,,,,,,,
0.8794037699699402,23,8789,,,,,,,,,,,,,
0.8013328909873962,23,8799,,,,,,,,,,,,,
0.8171924352645874,23,8809,,,,,,,,,,,,,
0.7906197905540466,23,8819,,,,,,,,,,,,,
0.7900314331054688,23,8829,,,,,,,,,,,,,
0.7997766137123108,23,8839,,,,,,,,,,,,,
0.7654746174812317,23,8849,,,,,,,,,,,,,
0.8295190930366516,23,8859,,,,,,,,,,,,,
0.6888716220855713,23,8869,,,,,,,,,,,,,
0.8327726721763611,23,8879,,,,,,,,,,,,,
0.7455435395240784,23,8889,,,,,,,,,,,,,
0.7982854843139648,23,8899,,,,,,,,,,,,,
0.779086709022522,23,8909,,,,,,,,,,,,,
0.8847407102584839,23,8919,,,,,,,,,,,,,
,23,8927,0.82609623670578,0.7128571271896362,0.6866235733032227,0.6170421838760376,0.6385282278060913,0.8088183999061584,0.8107566833496094,,,,,,
,23,8927,,,,,,,,0.7035187482833862,0.6692761778831482,0.5846673846244812,0.6018868088722229,0.7905825972557068,0.7674417495727539
0.9091346859931946,24,8929,,,,,,,,,,,,,
0.7970274686813354,24,8939,,,,,,,,,,,,,
0.8595061898231506,24,8949,,,,,,,,,,,,,
0.773990273475647,24,8959,,,,,,,,,,,,,
0.8074894547462463,24,8969,,,,,,,,,,,,,
0.7652014493942261,24,8979,,,,,,,,,,,,,
0.7810699343681335,24,8989,,,,,,,,,,,,,
0.777077317237854,24,8999,,,,,,,,,,,,,
0.8767037391662598,24,9009,,,,,,,,,,,,,
0.8447955250740051,24,9019,,,,,,,,,,,,,
0.7871969938278198,24,9029,,,,,,,,,,,,,
0.8318429589271545,24,9039,,,,,,,,,,,,,
0.6240872740745544,24,9049,,,,,,,,,,,,,
0.8546910881996155,24,9059,,,,,,,,,,,,,
0.775192141532898,24,9069,,,,,,,,,,,,,
0.8655691742897034,24,9079,,,,,,,,,,,,,
0.8378452658653259,24,9089,,,,,,,,,,,,,
0.6657521724700928,24,9099,,,,,,,,,,,,,
0.7101200222969055,24,9109,,,,,,,,,,,,,
0.7610984444618225,24,9119,,,,,,,,,,,,,
0.8467904925346375,24,9129,,,,,,,,,,,,,
0.857319176197052,24,9139,,,,,,,,,,,,,
0.7184122204780579,24,9149,,,,,,,,,,,,,
0.8411144614219666,24,9159,,,,,,,,,,,,,
0.7465922832489014,24,9169,,,,,,,,,,,,,
0.8491008281707764,24,9179,,,,,,,,,,,,,
0.8928626179695129,24,9189,,,,,,,,,,,,,
0.7679906487464905,24,9199,,,,,,,,,,,,,
0.7689275741577148,24,9209,,,,,,,,,,,,,
0.8211656808853149,24,9219,,,,,,,,,,,,,
0.8614746928215027,24,9229,,,,,,,,,,,,,
0.7626805305480957,24,9239,,,,,,,,,,,,,
0.8511584401130676,24,9249,,,,,,,,,,,,,
0.8078756332397461,24,9259,,,,,,,,,,,,,
0.745989978313446,24,9269,,,,,,,,,,,,,
0.7089542150497437,24,9279,,,,,,,,,,,,,
0.7765451073646545,24,9289,,,,,,,,,,,,,
0.6961563229560852,24,9299,,,,,,,,,,,,,
,24,9299,0.8246017098426819,0.7161904573440552,0.6949201226234436,0.6129356622695923,0.633336067199707,0.8046168684959412,0.8053402900695801,,,,,,
,24,9299,,,,,,,,0.7062050104141235,0.673136830329895,0.5886324644088745,0.6064815521240234,0.7926943302154541,0.7706839442253113
0.7728233933448792,25,9309,,,,,,,,,,,,,
0.8339676856994629,25,9319,,,,,,,,,,,,,
0.7948219776153564,25,9329,,,,,,,,,,,,,
0.8578231334686279,25,9339,,,,,,,,,,,,,
0.8097425699234009,25,9349,,,,,,,,,,,,,
0.8361077308654785,25,9359,,,,,,,,,,,,,
0.801887571811676,25,9369,,,,,,,,,,,,,
0.7940672636032104,25,9379,,,,,,,,,,,,,
0.7647039294242859,25,9389,,,,,,,,,,,,,
0.8465535640716553,25,9399,,,,,,,,,,,,,
0.7837160229682922,25,9409,,,,,,,,,,,,,
0.8321216106414795,25,9419,,,,,,,,,,,,,
0.7290005683898926,25,9429,,,,,,,,,,,,,
0.7041442394256592,25,9439,,,,,,,,,,,,,
0.8474023342132568,25,9449,,,,,,,,,,,,,
0.6526017785072327,25,9459,,,,,,,,,,,,,
0.7723023891448975,25,9469,,,,,,,,,,,,,
0.8587884306907654,25,9479,,,,,,,,,,,,,
0.7734216451644897,25,9489,,,,,,,,,,,,,
0.7464159727096558,25,9499,,,,,,,,,,,,,
0.83905029296875,25,9509,,,,,,,,,,,,,
0.723239541053772,25,9519,,,,,,,,,,,,,
0.7865983843803406,25,9529,,,,,,,,,,,,,
0.8651946783065796,25,9539,,,,,,,,,,,,,
0.8580307364463806,25,9549,,,,,,,,,,,,,
0.8662444353103638,25,9559,,,,,,,,,,,,,
0.7000396847724915,25,9569,,,,,,,,,,,,,
0.795478105545044,25,9579,,,,,,,,,,,,,
0.7576714158058167,25,9589,,,,,,,,,,,,,
0.7387309670448303,25,9599,,,,,,,,,,,,,
0.7963377833366394,25,9609,,,,,,,,,,,,,
0.7263179421424866,25,9619,,,,,,,,,,,,,
0.7673630118370056,25,9629,,,,,,,,,,,,,
0.7810231447219849,25,9639,,,,,,,,,,,,,
0.7861579060554504,25,9649,,,,,,,,,,,,,
0.7143558859825134,25,9659,,,,,,,,,,,,,
0.7685438990592957,25,9669,,,,,,,,,,,,,
,25,9671,0.8255759477615356,0.7147619128227234,0.6925172209739685,0.6075518727302551,0.6266416311264038,0.8021619319915771,0.8101121783256531,,,,,,
,25,9671,,,,,,,,0.7088920474052429,0.6773170232772827,0.5926812887191772,0.6112070679664612,0.7948213219642639,0.7737711668014526
0.7807923555374146,26,9679,,,,,,,,,,,,,
0.7044245600700378,26,9689,,,,,,,,,,,,,
0.746899425983429,26,9699,,,,,,,,,,,,,
0.7757741808891296,26,9709,,,,,,,,,,,,,
0.9193488359451294,26,9719,,,,,,,,,,,,,
0.7757763266563416,26,9729,,,,,,,,,,,,,
0.7923539280891418,26,9739,,,,,,,,,,,,,
0.6917538642883301,26,9749,,,,,,,,,,,,,
0.7263879776000977,26,9759,,,,,,,,,,,,,
0.752163290977478,26,9769,,,,,,,,,,,,,
0.748448371887207,26,9779,,,,,,,,,,,,,
0.7038099765777588,26,9789,,,,,,,,,,,,,
0.7226383090019226,26,9799,,,,,,,,,,,,,
0.8277249932289124,26,9809,,,,,,,,,,,,,
0.888719916343689,26,9819,,,,,,,,,,,,,
0.8011797666549683,26,9829,,,,,,,,,,,,,
0.8086772561073303,26,9839,,,,,,,,,,,,,
0.8440439105033875,26,9849,,,,,,,,,,,,,
0.7831879258155823,26,9859,,,,,,,,,,,,,
0.712620735168457,26,9869,,,,,,,,,,,,,
0.6926229000091553,26,9879,,,,,,,,,,,,,
0.7969828844070435,26,9889,,,,,,,,,,,,,
0.7361689805984497,26,9899,,,,,,,,,,,,,
0.783939003944397,26,9909,,,,,,,,,,,,,
0.6684613227844238,26,9919,,,,,,,,,,,,,
0.6369283199310303,26,9929,,,,,,,,,,,,,
0.7320247888565063,26,9939,,,,,,,,,,,,,
0.7946979999542236,26,9949,,,,,,,,,,,,,
0.7329118847846985,26,9959,,,,,,,,,,,,,
0.8280568718910217,26,9969,,,,,,,,,,,,,
0.7509722709655762,26,9979,,,,,,,,,,,,,
0.7076836228370667,26,9989,,,,,,,,,,,,,
0.7282174229621887,26,9999,,,,,,,,,,,,,
0.7369974851608276,26,10009,,,,,,,,,,,,,
0.6994847059249878,26,10019,,,,,,,,,,,,,
0.7017139196395874,26,10029,,,,,,,,,,,,,
0.6946576237678528,26,10039,,,,,,,,,,,,,
,26,10043,0.8239267468452454,0.7185714244842529,0.6753033995628357,0.6380665302276611,0.6472412347793579,0.8170371651649475,0.8119959831237793,,,,,,
,26,10043,,,,,,,,0.7114972472190857,0.681029736995697,0.5964565873146057,0.6155164837837219,0.7968717217445374,0.7768232226371765
0.7145008444786072,27,10049,,,,,,,,,,,,,
0.7408846616744995,27,10059,,,,,,,,,,,,,
0.8636355996131897,27,10069,,,,,,,,,,,,,
0.7252415418624878,27,10079,,,,,,,,,,,,,
0.8070151805877686,27,10089,,,,,,,,,,,,,
0.6824628710746765,27,10099,,,,,,,,,,,,,
0.6808687448501587,27,10109,,,,,,,,,,,,,
0.7784932851791382,27,10119,,,,,,,,,,,,,
0.7207443714141846,27,10129,,,,,,,,,,,,,
0.9088713526725769,27,10139,,,,,,,,,,,,,
0.8073335289955139,27,10149,,,,,,,,,,,,,
0.7356815934181213,27,10159,,,,,,,,,,,,,
0.8097526431083679,27,10169,,,,,,,,,,,,,
0.8346900939941406,27,10179,,,,,,,,,,,,,
0.7428679466247559,27,10189,,,,,,,,,,,,,
0.8716529607772827,27,10199,,,,,,,,,,,,,
0.8127827048301697,27,10209,,,,,,,,,,,,,
0.7933557033538818,27,10219,,,,,,,,,,,,,
0.812946081161499,27,10229,,,,,,,,,,,,,
0.763338029384613,27,10239,,,,,,,,,,,,,
0.8390060663223267,27,10249,,,,,,,,,,,,,
0.7955865859985352,27,10259,,,,,,,,,,,,,
0.8160971403121948,27,10269,,,,,,,,,,,,,
0.7934594750404358,27,10279,,,,,,,,,,,,,
0.7744829058647156,27,10289,,,,,,,,,,,,,
0.8001877069473267,27,10299,,,,,,,,,,,,,
0.7212321162223816,27,10309,,,,,,,,,,,,,
0.7782118320465088,27,10319,,,,,,,,,,,,,
0.7330590486526489,27,10329,,,,,,,,,,,,,
0.6535506248474121,27,10339,,,,,,,,,,,,,
0.8221299648284912,27,10349,,,,,,,,,,,,,
0.8120645880699158,27,10359,,,,,,,,,,,,,
0.6370067000389099,27,10369,,,,,,,,,,,,,
0.7839751243591309,27,10379,,,,,,,,,,,,,
0.7106636166572571,27,10389,,,,,,,,,,,,,
0.7840126156806946,27,10399,,,,,,,,,,,,,
0.8877218961715698,27,10409,,,,,,,,,,,,,
,27,10415,0.8210574388504028,0.723809540271759,0.6893782019615173,0.6408830285072327,0.6575857996940613,0.8217921257019043,0.8097078800201416,,,,,,
,27,10415,,,,,,,,0.7142716646194458,0.6849909424781799,0.6003285646438599,0.6199130415916443,0.798943042755127,0.7798448204994202
0.7300953269004822,28,10419,,,,,,,,,,,,,
0.8194672465324402,28,10429,,,,,,,,,,,,,
0.7700223326683044,28,10439,,,,,,,,,,,,,
0.7735239863395691,28,10449,,,,,,,,,,,,,
0.7549893260002136,28,10459,,,,,,,,,,,,,
0.7109512686729431,28,10469,,,,,,,,,,,,,
0.7193382978439331,28,10479,,,,,,,,,,,,,
0.7682187557220459,28,10489,,,,,,,,,,,,,
0.6876441836357117,28,10499,,,,,,,,,,,,,
0.6702802181243896,28,10509,,,,,,,,,,,,,
0.7821627259254456,28,10519,,,,,,,,,,,,,
0.7606642842292786,28,10529,,,,,,,,,,,,,
0.7855386137962341,28,10539,,,,,,,,,,,,,
0.8214379549026489,28,10549,,,,,,,,,,,,,
0.6951935887336731,28,10559,,,,,,,,,,,,,
0.8177869915962219,28,10569,,,,,,,,,,,,,
0.8858106732368469,28,10579,,,,,,,,,,,,,
0.8453772664070129,28,10589,,,,,,,,,,,,,
0.8373308777809143,28,10599,,,,,,,,,,,,,
0.6849290132522583,28,10609,,,,,,,,,,,,,
0.7887058258056641,28,10619,,,,,,,,,,,,,
0.7565282583236694,28,10629,,,,,,,,,,,,,
0.900648295879364,28,10639,,,,,,,,,,,,,
0.7405824661254883,28,10649,,,,,,,,,,,,,
0.7071865797042847,28,10659,,,,,,,,,,,,,
0.8113589286804199,28,10669,,,,,,,,,,,,,
0.7983096241950989,28,10679,,,,,,,,,,,,,
0.8117925524711609,28,10689,,,,,,,,,,,,,
0.7811002731323242,28,10699,,,,,,,,,,,,,
0.7707016468048096,28,10709,,,,,,,,,,,,,
0.9185986518859863,28,10719,,,,,,,,,,,,,
0.7561003565788269,28,10729,,,,,,,,,,,,,
0.7844019532203674,28,10739,,,,,,,,,,,,,
0.7216638326644897,28,10749,,,,,,,,,,,,,
0.7050077319145203,28,10759,,,,,,,,,,,,,
0.908090353012085,28,10769,,,,,,,,,,,,,
0.7040490508079529,28,10779,,,,,,,,,,,,,
,28,10787,0.8248481154441833,0.7195237874984741,0.7189540863037109,0.6012331247329712,0.6320992708206177,0.8044059872627258,0.8005525469779968,,,,,,
,28,10787,,,,,,,,0.716856837272644,0.6888403296470642,0.6040009260177612,0.6240848302841187,0.8008983731269836,0.7826597690582275
0.8722334504127502,29,10789,,,,,,,,,,,,,
0.8601028919219971,29,10799,,,,,,,,,,,,,
0.7981655597686768,29,10809,,,,,,,,,,,,,
0.7087100148200989,29,10819,,,,,,,,,,,,,
0.7640619874000549,29,10829,,,,,,,,,,,,,
0.8148013949394226,29,10839,,,,,,,,,,,,,
0.8173180818557739,29,10849,,,,,,,,,,,,,
0.7193068861961365,29,10859,,,,,,,,,,,,,
0.7730755805969238,29,10869,,,,,,,,,,,,,
0.7073190808296204,29,10879,,,,,,,,,,,,,
0.6389845013618469,29,10889,,,,,,,,,,,,,
0.8928446769714355,29,10899,,,,,,,,,,,,,
0.7141215801239014,29,10909,,,,,,,,,,,,,
0.6794114112854004,29,10919,,,,,,,,,,,,,
0.7428436279296875,29,10929,,,,,,,,,,,,,
0.6623954176902771,29,10939,,,,,,,,,,,,,
0.7693891525268555,29,10949,,,,,,,,,,,,,
0.8254565000534058,29,10959,,,,,,,,,,,,,
0.7064577341079712,29,10969,,,,,,,,,,,,,
0.822345495223999,29,10979,,,,,,,,,,,,,
0.8096897006034851,29,10989,,,,,,,,,,,,,
0.7122991681098938,29,10999,,,,,,,,,,,,,
0.8553056716918945,29,11009,,,,,,,,,,,,,
0.75141841173172,29,11019,,,,,,,,,,,,,
0.7666308283805847,29,11029,,,,,,,,,,,,,
0.8276616334915161,29,11039,,,,,,,,,,,,,
0.7953401803970337,29,11049,,,,,,,,,,,,,
0.682198166847229,29,11059,,,,,,,,,,,,,
0.7670828700065613,29,11069,,,,,,,,,,,,,
0.7953059077262878,29,11079,,,,,,,,,,,,,
0.7640500068664551,29,11089,,,,,,,,,,,,,
0.73545902967453,29,11099,,,,,,,,,,,,,
0.7184895277023315,29,11109,,,,,,,,,,,,,
0.7162573933601379,29,11119,,,,,,,,,,,,,
0.853848934173584,29,11129,,,,,,,,,,,,,
0.7813597917556763,29,11139,,,,,,,,,,,,,
0.8018770813941956,29,11149,,,,,,,,,,,,,
0.9247767329216003,29,11159,,,,,,,,,,,,,
,29,11159,0.8360341787338257,0.7061904668807983,0.6652361154556274,0.6473560929298401,0.6554074287414551,0.8240017294883728,0.8048305511474609,,,,,,
,29,11159,,,,,,,,0.7194861173629761,0.6926771998405457,0.6076688170433044,0.6282511949539185,0.8028362989425659,0.7853266000747681
