,mean_fit_time,std_fit_time,mean_score_time,std_score_time,param_alpha,param_l1_ratio,param_max_iter,param_tol,params,split0_test_rmse,split1_test_rmse,split2_test_rmse,split3_test_rmse,split4_test_rmse,split5_test_rmse,split6_test_rmse,split7_test_rmse,split8_test_rmse,split9_test_rmse,mean_test_rmse,std_test_rmse,rank_test_rmse,split0_test_mae,split1_test_mae,split2_test_mae,split3_test_mae,split4_test_mae,split5_test_mae,split6_test_mae,split7_test_mae,split8_test_mae,split9_test_mae,mean_test_mae,std_test_mae,rank_test_mae,split0_test_r2,split1_test_r2,split2_test_r2,split3_test_r2,split4_test_r2,split5_test_r2,split6_test_r2,split7_test_r2,split8_test_r2,split9_test_r2,mean_test_r2,std_test_r2,rank_test_r2
0,67.07329304218293,0.8249331120569265,0.023894214630126955,0.0048963380506978574,0.001,0,1000,0.0001,"{'alpha': 0.001, 'l1_ratio': 0, 'max_iter': 1000, 'tol': 0.0001}",-119.31729101905985,-185.58539764488006,-182.29747018811412,-211.63724958363912,-153.53251741500327,-155.7972156581081,-236.4930945139269,-250.33350963839368,-310.3693398508427,-330.42863913844496,-213.57917246504127,65.18718316396217,33,-87.70036117717126,-144.58748431528687,-154.8905214769081,-173.2815269017693,-134.02369461252013,-114.33242001500888,-170.49572385866892,-207.33557864003544,-231.2201726602882,-181.85523048806434,-159.97227141457216,40.408364324407074,33,-0.1790023645114993,0.5087600108189061,0.6810444750966624,0.4906337063889883,-1.6081301087403288,0.24591092060828734,0.293848465254577,-0.33431356987238026,0.23373652717529936,0.49800904860759476,0.08304971108261068,0.6382602877024928,35
1,64.52273716926575,0.8169665577287113,0.02661592960357666,0.003029375413630701,0.001,0.05,1000,0.0001,"{'alpha': 0.001, 'l1_ratio': 0.05, 'max_iter': 1000, 'tol': 0.0001}",-119.91729144004685,-186.31810706605677,-183.5892682027928,-211.27423228768222,-155.31884173596808,-155.08085663275642,-237.75394878918354,-250.22571970226278,-309.7351970433921,-330.02325849378917,-213.92367213939306,64.78282836588835,34,-88.62192459737236,-145.6247967579793,-155.32019656466852,-172.62492076122487,-135.72795462167343,-113.66374407808495,-172.1770914703343,-206.6969611955573,-230.65592386345733,-182.3449456802737,-160.34584595906261,40.047713945139535,34,-0.1908896699313698,0.5048734259429132,0.6765080877837899,0.4923796201134655,-1.6691734558846494,0.25282961415912464,0.28629875113916936,-0.3331647455692188,0.23686456847462067,0.499240010835202,0.07557662070630473,0.6544228483108733,36
2,64.52741532325744,0.6901226765958967,0.019783592224121092,0.0024139453182430172,0.001,0.15,1000,0.0001,"{'alpha': 0.001, 'l1_ratio': 0.15, 'max_iter': 1000, 'tol': 0.0001}",-121.25418050064816,-188.41852723227808,-186.22428475217316,-209.79704409847966,-159.13477146272817,-153.61441466043385,-239.99350093398203,-250.7143189935095,-308.7019833455691,-329.65794993343866,-214.75109759132403,64.0820997354917,35,-91.15855464288761,-148.15752465682965,-155.82206604353317,-170.67994900881374,-138.69455869613253,-111.87725860156559,-174.94786664193794,-205.9432067105555,-229.65079865367764,-183.3641106323238,-161.02958942882574,39.37176293709438,35,-0.21759077345176814,0.49364707948954567,0.6671554305955876,0.4994531701281967,-1.8019390271246105,0.26689326666403,0.2727898340735829,-0.33837619471417724,0.24194740620699018,0.5003479973830568,0.05843281892504336,0.6904675778103535,37
3,65.24715995788574,0.9033738403404492,0.018612146377563477,0.0018619444154624532,0.001,0.5,1000,0.0001,"{'alpha': 0.001, 'l1_ratio': 0.5, 'max_iter': 1000, 'tol': 0.0001}",-124.4496020881369,-200.82513596687082,-200.11166921369534,-205.51427340315712,-177.91201155865588,-150.95312550071262,-252.4990918214885,-253.51174506214133,-310.2873570575211,-331.86128631910054,-220.79252979914804,62.832719812506596,37,-99.68372567352117,-168.598886936301,-161.55908335118173,-163.54282166653596,-146.0882438399868,-111.2377645203614,-185.0777119373664,-202.3688514981926,-224.14029189323514,-189.11952199899568,-165.1416903315678,36.63309122103401,37,-0.28261091554299367,0.42476904479929556,0.61566169109282,0.5196807802253823,-2.502184736772663,0.2920746131257227,0.19502828579323372,-0.3684095487262642,0.23414128444335958,0.49364662410928806,-0.037820287745281914,0.878271493079752,39
4,65.82187905311585,1.6447762629510725,0.018651199340820313,0.0018219962378373524,0.001,0.7,1000,0.0001,"{'alpha': 0.001, 'l1_ratio': 0.7, 'max_iter': 1000, 'tol': 0.0001}",-126.75178494510281,-213.6863314698743,-214.0573035488355,-212.96765739604936,-194.39608251453873,-152.02324598929977,-262.49676269074536,-255.7366575637544,-315.9222185499606,-338.2746724352321,-228.6312717103393,62.94785647830245,40,-102.3798669023444,-186.41382394205993,-171.07566942008523,-166.8446882926213,-157.93897287374656,-115.07390661388149,-192.49266013700137,-205.40780803670881,-222.671563923204,-198.10463380739964,-171.84035939490528,36.47640425502706,39,-0.3305036634170486,0.34873221538457033,0.5602266109111698,0.4842095547969587,-3.1812249028977506,0.28200194078161456,0.1300207733558537,-0.39253428298745074,0.2060725101525831,0.47388644690226833,-0.14191127970172315,1.0590331086083742,40
5,63.67318844795227,1.1757452785320823,0.018819308280944823,0.0009965192416855977,0.001,0.9,1000,0.0001,"{'alpha': 0.001, 'l1_ratio': 0.9, 'max_iter': 1000, 'tol': 0.0001}",-130.68738411259457,-232.42854536189975,-238.49809368831063,-254.17801793989526,-214.05300659225838,-160.6831083337819,-278.3577573628189,-264.4202220675382,-329.5654084908416,-352.38387084298324,-245.52554147929223,64.48930774661171,41,-101.52359107275232,-209.3502716824055,-183.6149063912542,-178.2675785248243,-173.1111537212969,-126.36570265145012,-204.09724774767304,-220.22201026418577,-238.63516358569726,-210.014832625092,-184.52024582666314,40.36493765021961,41,-0.41440973571462947,0.22947800927855044,0.45406785107492564,0.2652798295560793,-4.0695705997944485,0.19787192649343055,0.021709948814558233,-0.4887070935407336,0.13601989607942877,0.42908353365091145,-0.32391764341019275,1.2842974107332938,41
6,1.870544719696045,0.5196329684003995,0.018753433227539064,0.0022492693953235425,0.001,1,1000,0.0001,"{'alpha': 0.001, 'l1_ratio': 1, 'max_iter': 1000, 'tol': 0.0001}",-139.64993035486333,-257.8425650227239,-264.32066686615946,-304.96849822585637,-227.43683225354317,-182.01213638428897,-291.0523148714021,-285.774652300778,-362.68603027403714,-368.1748868385921,-268.39185133922444,68.4417042279334,42,-103.83620191013459,-233.37011224026,-215.07641000012677,-199.46763193418678,-184.25734223554687,-144.67754471595953,-218.5332801962593,-252.04851308730062,-274.9103970055807,-226.39553557808213,-205.25729689034375,47.93897965317579,42,-0.6150625759546449,0.051766410508126914,0.3294501211642066,-0.05768403129478106,-4.723347383360399,-0.029209916986304485,-0.06955493214010278,-0.73887088763283,-0.04636247058427356,0.37676928409307586,-0.5522106382187927,1.4300075890084367,42
7,67.164710855484,2.0641367889827102,0.018268179893493653,0.0013297057518130884,0.01,0,1000,0.0001,"{'alpha': 0.01, 'l1_ratio': 0, 'max_iter': 1000, 'tol': 0.0001}",-70.9016700630892,-192.6323093592851,-194.0248280262182,-141.08785502687303,-154.4111355405246,-131.70749456131148,-194.12739344218394,-181.6556717920259,-266.2833873970099,-370.96042424342147,-189.77921694519426,77.40576719475685,25,-60.20942610060677,-145.0564641598425,-166.38690077593793,-118.6697948890634,-130.3086887569352,-105.27306828606542,-166.0670335557138,-134.0164970522227,-202.82586520888563,-172.22203278494285,-140.10357715702165,38.13628848641088,27,0.5836861715444903,0.4707457283480172,0.6386871062255377,0.7736266764858664,-1.6380665330972173,0.46108007037394605,0.5241888381076705,0.29738429813540646,0.43596163557193823,0.36730313216276944,0.29145971238584245,0.6559927741911176,28
8,64.83138818740845,1.7001435800043017,0.018349552154541017,0.0008841208451721036,0.01,0.05,1000,0.0001,"{'alpha': 0.01, 'l1_ratio': 0.05, 'max_iter': 1000, 'tol': 0.0001}",-71.01805797208107,-189.37909369462318,-194.4835355173721,-144.5765355084036,-151.94153441310897,-131.50420033618198,-191.83461178525283,-184.32311969695004,-265.6970351377675,-369.15299515916166,-189.3910719220903,76.79089027427158,23,-61.19960836452797,-143.6219972833654,-166.12086620351556,-122.56131105789508,-127.45793414813136,-106.0579702600888,-163.19713710239265,-135.7593968904787,-202.3841508824894,-169.43149923853625,-139.7791871431421,37.19138426870243,25,0.5823182583364354,0.4884710976042461,0.6369766772276275,0.7622931963569,-1.5543565999129343,0.46274246257001306,0.5353617977957243,0.2765982565585622,0.4384429097245214,0.3734534855547095,0.30023015418158044,0.6315157071934885,27
9,65.33185648918152,0.698711109434003,0.018517208099365235,0.0007215295678319052,0.01,0.15,1000,0.0001,"{'alpha': 0.01, 'l1_ratio': 0.15, 'max_iter': 1000, 'tol': 0.0001}",-70.5027302664301,-182.82477668466524,-192.06755763558166,-146.2242669929056,-147.82504773863178,-131.34646686026187,-187.83620897200677,-192.65526575852076,-268.6959069168208,-363.58162447487695,-188.35598523007016,76.01247604790429,22,-60.88613765300588,-139.09389975181978,-162.30810840647737,-124.03272076462679,-122.9169891887828,-109.74677773033706,-158.1106561903803,-140.46304930083383,-203.1918500077616,-163.1163289699568,-138.3866517963982,36.12377691568176,24,0.5883579064739737,0.5232659050393932,0.6459399931825943,0.7568440556027931,-1.4178233458816631,0.46403052296026626,0.5545288243570337,0.2097187206084662,0.4256949961788601,0.3922228380778593,0.31427804165995765,0.5945084749394943,26
10,66.41060400009155,1.554306644629787,0.018119382858276366,0.001175936660249847,0.01,0.5,1000,0.0001,"{'alpha': 0.01, 'l1_ratio': 0.5, 'max_iter': 1000, 'tol': 0.0001}",-73.37027103808428,-163.60189003731261,-170.14268777919344,-152.22404512250483,-136.07383027592792,-131.19901073291598,-192.5989656148164,-231.6707696187943,-285.19608151870074,-359.3444351139627,-189.5421986852213,78.71926136963182,24,-61.721042522493896,-132.72858631088937,-135.98178532236608,-125.82345796899433,-114.4916360579881,-105.03422565157943,-148.54424195779978,-170.4408396532972,-195.0069688513937,-153.77585059211586,-134.3548634888918,34.88177869552214,21,0.5541916960019406,0.6182467501999583,0.722159581787517,0.7364806551038156,-1.048696994255625,0.46523325985475605,0.5316517736333868,-0.1427794163760474,0.3529950445383636,0.40630639257747025,0.31957887430655363,0.5138975049590705,25
11,64.7930196762085,1.0586908553592458,0.018458032608032228,0.001050481475879691,0.01,0.7,1000,0.0001,"{'alpha': 0.01, 'l1_ratio': 0.7, 'max_iter': 1000, 'tol': 0.0001}",-80.99769850654617,-164.50458114142148,-164.30613658944236,-165.92314263309675,-138.66256275300324,-142.28142033794734,-210.00296198974814,-250.05261697783908,-300.61110102973595,-359.2393314818832,-197.6581553440664,79.36038807382482,30,-66.25360556114035,-136.4096307219971,-128.23564859949218,-129.86541493230888,-118.99952659077161,-116.20494821987826,-148.87571105179174,-190.68794733518976,-198.18499254973094,-164.54433072543864,-139.82617562877394,36.517690543988515,26,0.4566830366865299,0.6140223985025017,0.7408946301387764,0.6869166913274842,-1.1273892283504776,0.3710738514782239,0.4431838542991745,-0.33132085337031136,0.28116282769187606,0.40665363729802817,0.2541880845701806,0.5403289646800988,30
12,66.67591443061829,1.2299057700204115,0.018104124069213866,0.0007364279678586788,0.01,0.9,1000,0.0001,"{'alpha': 0.01, 'l1_ratio': 0.9, 'max_iter': 1000, 'tol': 0.0001}",-97.99768031808357,-164.42520924724255,-158.2289310399647,-186.15085100084372,-138.67467956671126,-169.42794721803202,-213.4073778963797,-257.5828007649454,-319.0875232214435,-352.5826459403953,-205.75656462140415,76.76559373702894,31,-78.56009051947599,-131.1829924072658,-126.06055430375564,-164.2346697191387,-109.45302177663201,-135.1105206233465,-155.20859875085867,-200.25717363789886,-228.57346110533592,-159.39171639351528,-148.8032799237223,41.109368887440496,31,0.20468440509593577,0.614394769683833,0.7597072686990965,0.6059275833949581,-1.1277610418335406,0.10818788945541047,0.4249841199147486,-0.412712047026899,0.1900836904504526,0.4284392590798376,0.17959358969138334,0.5380823139162199,33
13,63.889355707168576,0.85033751454542,0.018527579307556153,0.0007144113328631539,0.01,1,1000,0.0001,"{'alpha': 0.01, 'l1_ratio': 1, 'max_iter': 1000, 'tol': 0.0001}",-116.5848793419248,-216.54306282218363,-223.98510848790647,-268.19282356207765,-169.74562419501933,-155.50948540635963,-247.4012868874211,-252.8001404042248,-289.08645386761617,-337.6199900758877,-227.74688550506215,62.89954947757153,39,-94.88568276726711,-191.02822766641756,-192.73385204290278,-216.74012789317308,-144.66512317065855,-134.0661674149211,-190.85754457053895,-203.41953734258448,-209.58781085348514,-201.72418299211202,-177.97082567140606,37.694948576795746,40,-0.12562145413688963,0.331202470738567,0.5184879758189155,0.18202451025365252,-2.1880541253375347,0.2486936902870832,0.22720396018013278,-0.36073810981494336,0.3352230047257523,0.47592091170663353,-0.03556571655786306,0.7605818519599699,38
14,66.75157010555267,1.5654799916928042,0.018029117584228517,0.0018267888188332792,0.1,0,1000,0.0001,"{'alpha': 0.1, 'l1_ratio': 0, 'max_iter': 1000, 'tol': 0.0001}",-103.12821167880018,-195.8568541805284,-203.1455755247299,-155.7803206355757,-118.09597347361701,-130.77209656075277,-170.2261508624449,-197.11818074115254,-273.975041862615,-366.22274910462465,-191.4321154624841,74.9202012496165,27,-81.7295325451098,-164.88134072474725,-155.23649464388566,-129.87842823081237,-92.91406198728244,-100.94366362441853,-140.6287427679965,-153.49632600954433,-201.48471856859,-201.4336285920917,-142.26269376944785,39.72079819079095,30,0.1192292558986735,0.4528786543222526,0.6039193906142055,0.7240240912950446,-0.5431164171402019,0.46870779921378736,0.6341411732978938,0.17268044240226255,0.4029062812867549,0.3833607536682395,0.3418731424858913,0.34574364723460405,24
15,66.04493100643158,1.7543447730594015,0.018524646759033203,0.001681400320904678,0.1,0.05,1000,0.0001,"{'alpha': 0.1, 'l1_ratio': 0.05, 'max_iter': 1000, 'tol': 0.0001}",-102.69193453402234,-193.49615456417493,-201.8439436799908,-158.26688404580923,-111.36308854457377,-130.2399730472065,-175.73872765431753,-189.70544637224427,-268.4596707607008,-366.688521226949,-189.84943444299893,74.91008819043232,26,-77.86449711569834,-165.17178538382265,-159.62354486144372,-133.28691847691888,-87.19746240444472,-100.63043039201852,-142.73144978696322,-146.7818956339153,-200.06283004769736,-200.32046795433004,-141.36712820572527,40.67373403167418,29,0.126665579005802,0.4659882824978929,0.6089788113347188,0.7151435291843955,-0.3721798740360849,0.4730227545821575,0.6100616633520322,0.23373405365076216,0.42670440467477266,0.3817912388628901,0.36699104431093393,0.2975847555292539,23
16,64.8633121728897,0.6635665740649931,0.019118285179138182,0.0012472907851697821,0.1,0.15,1000,0.0001,"{'alpha': 0.1, 'l1_ratio': 0.15, 'max_iter': 1000, 'tol': 0.0001}",-85.2865381630969,-199.20091660059566,-187.30712130725055,-149.32630747092293,-106.83692797796039,-123.70601852270102,-173.1405201460444,-179.31132447451654,-260.5254348145678,-363.4822945217022,-182.81234039993586,76.79450771538833,21,-64.98899921177691,-170.3991407955737,-155.53490053210075,-118.69924430884707,-87.03262039870424,-92.35361482287753,-140.40804303699574,-136.69347906342125,-185.66231344731557,-193.1860019349957,-134.49583575526086,41.1624509242034,22,0.39762230840320767,0.43403604282860675,0.6632734006885945,0.7464178747578921,-0.2629067783864112,0.5245718130342052,0.6215065092656578,0.3154024140014424,0.46009076327654375,0.39255488032867336,0.42925692281984124,0.2639648472878554,20
17,66.48264195919037,1.7769957361490356,0.018938946723937988,0.0011177095030817609,0.1,0.5,1000,0.0001,"{'alpha': 0.1, 'l1_ratio': 0.5, 'max_iter': 1000, 'tol': 0.0001}",-79.04202083299614,-201.56208055067134,-179.9953466395319,-128.73484945312285,-98.55131801454135,-119.76062424789335,-170.4269404178726,-178.67667782710956,-249.4146240094633,-367.3453910808016,-177.3509873074004,79.67943919233667,17,-53.92081355791416,-159.73050392001613,-142.81783331547715,-92.53912520789873,-82.75071089513962,-88.61310425259508,-134.8560224680537,-143.48323028360227,-172.4692497218617,-185.19282875836862,-125.63734223809271,41.29148346638309,16,0.48260291544713063,0.4205395829095241,0.6890493987896681,0.811531729954583,-0.07461620307691508,0.5544141716442665,0.6332775697224978,0.3202399074349537,0.5051605373269988,0.37957439053258135,0.47217740006852893,0.2300907609319395,16
18,64.77272529602051,0.9504269413288018,0.018843460083007812,0.0009265637089765295,0.1,0.7,1000,0.0001,"{'alpha': 0.1, 'l1_ratio': 0.7, 'max_iter': 1000, 'tol': 0.0001}",-79.93278380477162,-200.810549518736,-172.68947188025348,-133.93944134284922,-111.72839451084543,-112.76135660158151,-170.10019503182136,-177.52546770731215,-252.3300738763218,-373.5049569643214,-178.5322691238814,80.3504747724652,19,-60.09111687921982,-156.79541700708705,-134.90228666738452,-97.35700197342089,-82.9631002149135,-85.61204652514023,-132.19973335525393,-143.72367449854826,-181.70075216018606,-184.29329937181402,-125.96384286529683,40.65538950325309,17,0.47087560661004546,0.4248526027835945,0.7137796105073633,0.7959845998035269,-0.38119700270246737,0.6049756638463215,0.6346823945306463,0.3289710495295026,0.49352439919009095,0.35859363519036747,0.4445042559288992,0.31047740352078385,18
19,66.00620596408844,1.078194751480652,0.01846785545349121,0.0006775882510832096,0.1,0.9,1000,0.0001,"{'alpha': 0.1, 'l1_ratio': 0.9, 'max_iter': 1000, 'tol': 0.0001}",-95.40932354293719,-185.01097915234382,-166.51256317532008,-141.7262134922859,-117.52218765196329,-115.75670410237608,-184.11894757331402,-184.21177035218608,-239.5612984516047,-369.1790832850107,-179.90090707793416,74.98602844209715,20,-69.55183946221472,-146.72762162469397,-133.25275498648853,-107.06881209948195,-87.83494795438537,-97.77848569700792,-143.46168562179176,-146.3893227129768,-167.3049889522904,-189.05800980752193,-128.84284689188536,35.499687883006544,19,0.24614201328020313,0.5117962479811005,0.7338889810814322,0.7715735693294246,-0.5281579502103706,0.5837103884624035,0.5719860274705877,0.27747200457345667,0.5434862999646126,0.3733649260571523,0.4085262507990003,0.35300272192188725,21
20,64.47251462936401,1.8626202270118621,0.018616247177124023,0.0007529503695734955,0.1,1,1000,0.0001,"{'alpha': 0.1, 'l1_ratio': 1, 'max_iter': 1000, 'tol': 0.0001}",-117.14294543645488,-181.17468473911603,-176.86946560086193,-137.41847319913106,-144.52766399140978,-164.78790004297122,-190.6979876171988,-202.6141252768119,-271.12434125157426,-373.8409606314582,-196.0198547786988,71.55593768990386,29,-95.86081660508569,-148.2848043622092,-148.77928638043414,-98.03516116444395,-103.86937647445605,-126.65273220755192,-158.6141480308204,-150.83390835255761,-170.808774347478,-174.21336307328227,-137.5952370998319,28.043478023284592,23,-0.13642344888573765,0.5318326333768764,0.6997558371089807,0.7852484915077768,-1.3111624737764687,0.15636632599113987,0.5408514687880943,0.1259035338014619,0.41526711596596344,0.3574391025670285,0.21650785864451155,0.5736857297396908,31
21,66.56359596252442,1.0189734028274233,0.018714499473571778,0.000834251962776859,1,0,1000,0.0001,"{'alpha': 1, 'l1_ratio': 0, 'max_iter': 1000, 'tol': 0.0001}",-80.96671332823327,-164.29902001320488,-160.3405750216251,-109.45860534906731,-111.52447130452407,-120.1585210284016,-181.14970932519208,-183.3986928862404,-276.3929951468434,-366.52115410020053,-175.42104575035327,82.20191590947515,16,-60.638776109525615,-132.3453585253276,-136.10143466336305,-76.99515420798173,-88.84720152750843,-93.54108122085097,-147.57592048353285,-140.91520205671728,-197.58874450808193,-175.6991627798468,-125.02480360827363,41.860730449460064,15,0.4570986423958002,0.6149864132274339,0.7532508193724728,0.8637470838849675,-0.3761597677946651,0.551448393923365,0.5856796525542731,0.28383614443865135,0.392320531888787,0.38235544638648133,0.45085633602775677,0.32205048102317346,17
22,66.53463435173035,1.4713434271775376,0.01835169792175293,0.0005505595796857931,1,0.05,1000,0.0001,"{'alpha': 1, 'l1_ratio': 0.05, 'max_iter': 1000, 'tol': 0.0001}",-81.72861604054958,-165.64739347337334,-149.30249781910842,-119.25613379466196,-121.04385266303487,-122.3255285315973,-188.15814643970626,-159.77929259444247,-275.5735595602606,-363.71803456391666,-174.65330554806513,80.23326652071808,15,-64.65560307651766,-136.72558560421922,-130.86120547735888,-90.96334105362341,-93.6961363538967,-99.9205696741473,-157.30018081333836,-134.11117544124463,-205.71798107610834,-174.7902205374261,-128.87419991078806,40.683378256383854,20,0.4468330855555166,0.6086410028092433,0.7860545805658908,0.8382637249588043,-0.6211156086739089,0.5351236318994785,0.5530005060054335,0.4564231976131772,0.39591842355607654,0.3917666957214838,0.43909092400111954,0.3819907453278907,19
23,64.92013297080993,0.5340462757291102,0.019343137741088867,0.0027132700608557777,1,0.15,1000,0.0001,"{'alpha': 1, 'l1_ratio': 0.15, 'max_iter': 1000, 'tol': 0.0001}",-75.0321754134996,-183.39867210916918,-130.03531019422238,-124.91081613417991,-89.71092703954955,-93.0246018957028,-178.81277113986485,-160.07814315869527,-267.56438972187476,-375.7380157239696,-167.83058225307278,87.84996067425247,6,-57.36493234403233,-152.3872825693114,-115.71606810420644,-104.28042486370168,-69.26166521070861,-75.3967399795841,-142.250863780137,-134.00202201891895,-193.47213931912475,-191.01028285932279,-123.51424210490481,45.61759355866572,12,0.533767028343191,0.5202682267678027,0.8377101190425187,0.8225622273946533,0.10953019007075981,0.7311568917391336,0.5963006533164721,0.4543878881217054,0.4305217739136048,0.35090120870130104,0.5387106207411143,0.2118897217408212,7
24,66.69932942390442,1.5798983331936107,0.01800508499145508,0.0008603135519990977,1,0.5,1000,0.0001,"{'alpha': 1, 'l1_ratio': 0.5, 'max_iter': 1000, 'tol': 0.0001}",-78.65750102026286,-177.29200145747998,-130.953344966989,-134.39214559731354,-85.17085737426463,-91.96419868445348,-170.9208795090621,-161.7598086769362,-269.975291603589,-379.82606224878106,-168.09120911391318,88.61664909644276,7,-59.6435258308679,-145.25887248486524,-117.75664623088865,-108.17344919249366,-53.39269299826407,-70.61602630141289,-138.29448918308785,-135.72116649732652,-184.89654452078116,-186.6769505271446,-120.04303637671326,45.321437388177074,1,0.48762468761770394,0.551683838472615,0.8354105333035552,0.7946031587432036,0.19737894360810293,0.7372511343367383,0.6311487861456933,0.44286405922095595,0.42021291575716957,0.3366999232488973,0.5434877980454635,0.1961042444596092,5
25,65.09934656620025,0.6759575973142572,0.018849277496337892,0.0013113181642078948,1,0.7,1000,0.0001,"{'alpha': 1, 'l1_ratio': 0.7, 'max_iter': 1000, 'tol': 0.0001}",-85.90522145463328,-175.73911333956158,-131.06119005508086,-139.5194434547211,-84.7246231296716,-95.93662087325035,-172.52194289890102,-159.2391826804368,-271.0090874670413,-382.2439521868847,-169.79003775401824,88.13596542306678,9,-67.64180227496568,-143.47764166237573,-118.34211835773921,-113.31623817998809,-52.53476261888005,-72.63418501199592,-141.47184371841703,-132.15396918975136,-176.4080211744902,-190.19195076739123,-120.81725329559944,43.41190536086993,5,0.38885110564862624,0.5595029833600051,0.8351393302348676,0.7786316869046211,0.20576722966797123,0.7140618502472735,0.6242061572631266,0.4600919458559497,0.4157641451397135,0.32822819674372006,0.5310244631065875,0.19550957752639261,10
26,64.99386875629425,0.9146584850474836,0.018677139282226564,0.0008336766142434681,1,0.9,1000,0.0001,"{'alpha': 1, 'l1_ratio': 0.9, 'max_iter': 1000, 'tol': 0.0001}",-91.85478365780202,-173.99102260679982,-131.2478739761384,-147.67247098190987,-82.43514616041077,-92.43348047841029,-176.95475364213297,-158.12967519795677,-278.8797369529755,-380.66191849311156,-171.42608621476478,88.4359624321681,11,-75.35189845331792,-138.77499052987704,-117.04898586449372,-116.57336462460948,-54.67399704427161,-71.2378663282053,-149.4102730249177,-129.88949245840146,-177.4255489196764,-189.745594164279,-122.01320114120497,42.53940985031574,9,0.30126666303180727,0.568222715352088,0.8346693397586288,0.7520037755471094,0.24811168520249094,0.7345627433899371,0.6046466283469324,0.46758941126754827,0.38133660733378005,0.33377735628254845,0.522618692551287,0.19665259476998695,13
27,65.57887468338012,2.3286546715971226,0.019389796257019042,0.003159786091018675,1,1,1000,0.0001,"{'alpha': 1, 'l1_ratio': 1, 'max_iter': 1000, 'tol': 0.0001}",-120.83950582161903,-193.73640590866694,-155.02126409315946,-161.68804473767776,-67.88664068480807,-89.40465115709937,-166.6003938627944,-155.2813799281739,-290.56087714591087,-376.5646960432074,-177.75838593831173,87.7647645774537,18,-99.17117555374865,-143.13571304105727,-137.457588131892,-113.53800367354701,-48.896065316092724,-72.79559723987373,-153.40219675268693,-126.40118346031035,-188.01709035632743,-181.45947820950343,-126.42740917350395,42.126961848912046,18,-0.2092769865691031,0.4646613653573133,0.7693510968959727,0.702695280283155,0.49008575120359876,0.7516732563296888,0.6495605203498495,0.4865966595021193,0.3284246077893692,0.3480418361016755,0.47818133872436386,0.2741737826409859,15
28,66.55691125392914,1.1774939180260162,0.018280029296875,0.0013016699312265762,10,0,1000,0.0001,"{'alpha': 10, 'l1_ratio': 0, 'max_iter': 1000, 'tol': 0.0001}",-69.81240497125306,-166.5814861426,-140.16396770469424,-119.95159934899398,-87.58926183972304,-100.03025745962626,-176.26508616015835,-164.71762518387374,-264.31180966630427,-371.9272494077293,-166.13507478849561,86.43996536097585,2,-56.138147109522414,-137.0595349356412,-121.76874738341594,-92.87653231446859,-66.47787108699482,-78.00796767304251,-143.30649109058797,-142.4616243281765,-195.6427555494889,-197.0334861997405,-123.07731576710793,47.27063237366788,11,0.5963796027321997,0.6042147781341227,0.8114434552093153,0.8363718308474812,0.15115138669066586,0.6891391423358291,0.6077223414144441,0.4223030549641026,0.4442830608370272,0.36400086943030496,0.5527009522595494,0.19980713390633342,2
29,66.64604485034943,2.122093132784725,0.018678975105285645,0.0003862542580238056,10,0.05,1000,0.0001,"{'alpha': 10, 'l1_ratio': 0.05, 'max_iter': 1000, 'tol': 0.0001}",-72.11412058425626,-174.4826759427165,-129.05422275858447,-129.9648461329264,-85.85036280501623,-91.40734737283545,-176.7311477748232,-163.58520603524283,-264.18003209549323,-370.62204902497143,-165.79920105268658,86.69956879546278,1,-53.542856894647365,-141.72128322853487,-117.55544123260864,-103.77969421907464,-61.69078139476333,-70.60513816033432,-141.81660251890528,-136.67300382658695,-191.98576616350007,-188.27872981106802,-120.76492974500233,46.46428203922533,4,0.5693261225102905,0.5657790872855961,0.8401497628757085,0.8079130861007743,0.18452100216565748,0.740423435871254,0.6056451601982544,0.4302189815710178,0.4448370487428115,0.3684568471426436,0.5557270534464008,0.19552430891242628,1
30,65.06236698627472,1.109196168801519,0.018587708473205566,0.0004741709826040579,10,0.15,1000,0.0001,"{'alpha': 10, 'l1_ratio': 0.15, 'max_iter': 1000, 'tol': 0.0001}",-75.805650311837,-176.1043553008417,-130.9496307192652,-131.79037272894914,-85.21994973169325,-91.25313534316003,-175.18855410946756,-160.9221137050659,-264.69373197783284,-376.20905584616224,-166.81365497742746,87.62439728574785,4,-55.621269392101546,-143.10034345935048,-117.94906531120732,-106.5578181026027,-58.31554692008134,-70.50557512235883,-141.70376193080912,-134.95896812168039,-188.68352977188127,-188.93460118251625,-120.63304793145892,46.1281240352551,3,0.524105087045154,0.5576700939191365,0.8354198697184841,0.8024789626650771,0.19645341774669678,0.7412985528740749,0.612499349643771,0.4486195249301175,0.44267591328793054,0.34927271644162683,0.551049348827207,0.1932648151335119,3
31,65.78138453960419,1.8672789985706248,0.019009494781494142,0.0007177219248968479,10,0.5,1000,0.0001,"{'alpha': 10, 'l1_ratio': 0.5, 'max_iter': 1000, 'tol': 0.0001}",-82.25086501450454,-176.82055556631803,-135.26406245055816,-137.8465339112486,-83.36891007119148,-90.87909424253861,-178.38495933592966,-156.57335877904802,-270.7781096360083,-381.2981152584014,-169.3464564265747,88.7701283186564,8,-62.41583827628936,-141.80850084269878,-119.69602314576044,-113.05515830883071,-52.72289390805171,-68.97936049773828,-144.08440754411248,-131.72536847808968,-182.1953808830369,-188.0890851063974,-120.47720169910058,44.9319918651429,2,0.43974098295249897,0.554064947557118,0.8243962851673903,0.7839084990301272,0.2309815517413477,0.7434150096238548,0.5982300540231895,0.4780178370714844,0.416759595333583,0.3315485918199216,0.5401063354320516,0.18798004288352377,6
32,65.58373665809631,1.66779602470745,0.018853640556335448,0.0009885379166796981,10,0.7,1000,0.0001,"{'alpha': 10, 'l1_ratio': 0.7, 'max_iter': 1000, 'tol': 0.0001}",-85.67331225183753,-178.21957152472348,-136.36219698269082,-140.2255641200245,-82.10681050633097,-90.20342493897947,-182.32122615868167,-156.51643559341156,-273.1234609649096,-382.6728750089803,-170.74248780505698,89.1524440523014,10,-67.65196858185897,-142.2720779270825,-119.09482836090075,-114.2720250155686,-50.9963410474191,-68.04748748136008,-148.4493451604576,-131.31103669209497,-177.54732916007876,-188.98391302306652,-120.86263524498877,44.41947560742812,6,0.3921463592396508,0.5469804962705312,0.8215334512929878,0.7763852860707506,0.2540892351511844,0.747216150663761,0.5803034057018452,0.47839730758475085,0.4066123369324326,0.32671973640800345,0.5330383765315899,0.18706880187289937,9
33,64.62682094573975,1.137975759803516,0.018832850456237792,0.001276943779730381,10,0.9,1000,0.0001,"{'alpha': 10, 'l1_ratio': 0.9, 'max_iter': 1000, 'tol': 0.0001}",-90.13157400756201,-178.0922336751408,-140.876049440458,-145.77513416962424,-77.78339694082013,-85.99415896134995,-186.25010847721398,-152.46960958164505,-276.7447498536876,-388.5534901253748,-172.26705052328765,91.17041002745393,12,-70.45733751536638,-141.86495263442404,-124.93219398180601,-115.21810876124619,-48.873380770364896,-65.8764088995901,-153.905919664223,-126.21226629912648,-174.45904892504078,-192.4768850262767,-121.42765024774644,45.11608617687094,7,0.32723743493840296,0.5476276296961532,0.8095227228390987,0.7583354851442513,0.3305743913148763,0.7702575889836356,0.5620202332739165,0.5050213088369613,0.390772807198039,0.3058678596583019,0.5307237461883637,0.18451318103526282,11
34,22.6017706155777,3.488727247563261,0.018602490425109863,0.0007377542720532867,10,1,1000,0.0001,"{'alpha': 10, 'l1_ratio': 1, 'max_iter': 1000, 'tol': 0.0001}",-99.52862201441087,-186.59437004726254,-145.55766155438852,-164.25616147404867,-64.89216149763308,-85.92625459453193,-167.4252455816857,-159.35595439417662,-285.37506605681625,-386.125656791813,-174.50371540067673,91.611601960492,14,-81.2352558976206,-139.22272360026912,-132.09792355017618,-119.91111776615371,-47.25936302016063,-68.62414345450405,-156.50234955478186,-128.4805680945809,-169.5200566126302,-197.15624602308645,-124.00097475739638,44.270589471628995,13,0.17964110877005146,0.5034040405504362,0.7966524307402485,0.693176002240026,0.53407824244684,0.7706202730019611,0.6460818228342504,0.45929981537882236,0.35218268960813315,0.3145151742871831,0.5249651599857953,0.19374624838598048,12
35,65.00286078453064,2.2257146178376654,0.010252285003662109,0.007600167702071251,100,0,1000,0.0001,"{'alpha': 100, 'l1_ratio': 0, 'max_iter': 1000, 'tol': 0.0001}",-72.66730374732866,-176.4548799218991,-126.54771118448684,-127.24170217139812,-95.80541421871946,-90.34766266142738,-180.40535295033217,-159.79454689265378,-267.39563926748207,-367.8204026840928,-166.44806156998203,85.89883952495495,3,-55.35825221268374,-144.36365614439828,-114.72059159341215,-100.55975925563921,-77.41323357321535,-72.66544089862553,-144.14226075584415,-135.16135689789,-196.1422086666239,-189.7540686931955,-123.02808286915277,45.405308334714896,10,0.5626934324281552,0.5559074818746175,0.8462987374252902,0.8158783213646399,-0.015567084834855471,0.7464070878646095,0.5890775974994586,0.45631940095308277,0.4312398769833551,0.3779688176092054,0.5366223669167558,0.23860727438223323,8
36,32.25863919258118,3.5927001607238314,0.018665766716003417,0.0008906987631980165,100,0.05,1000,0.0001,"{'alpha': 100, 'l1_ratio': 0.05, 'max_iter': 1000, 'tol': 0.0001}",-78.50941639842084,-177.09874049837393,-131.36348803821681,-130.79112703690015,-88.3878884161899,-86.57333333763536,-185.17321525315987,-151.6990245785536,-268.89386860963623,-375.66660833661416,-167.4156710503701,88.11849742372728,5,-60.80376734618849,-140.54725402320378,-114.99180766349308,-105.8363035666909,-66.33329617172255,-71.3191672200065,-148.3680098645241,-130.15897681735473,-190.89981499689762,-190.64237556873488,-121.99007732388168,45.041634277705626,8,0.48955211934157805,0.5526606991053986,0.8343779374298748,0.805462849816288,0.13560145269916113,0.7671525175524134,0.5670703660383558,0.5100119334799946,0.4248484460936872,0.3511479021021887,0.543788622365894,0.20624843646351185,4
37,14.278644013404847,1.5243883609727757,0.018454217910766603,0.0010114296935138177,100,0.15,1000,0.0001,"{'alpha': 100, 'l1_ratio': 0.15, 'max_iter': 1000, 'tol': 0.0001}",-86.11859494267998,-181.85562750525986,-143.76887214435627,-141.37950192138518,-87.93222022551791,-83.5587648930561,-197.562551133069,-142.05848869066475,-276.98072495918757,-386.01441032758316,-172.72297567427597,90.80993111805569,13,-68.3370507561916,-142.80810688720456,-125.31432621498881,-115.37992956593017,-61.71191363646465,-68.96017893659712,-155.23281266904687,-124.63942264653888,-185.7794018140306,-195.190783332106,-124.33539264590993,45.05210778933586,14,0.385811362123472,0.5283068176599617,0.801619684243836,0.7726898231492723,0.14449098818652217,0.7830861455932963,0.5072005319197241,0.5703109300701678,0.3897334108376298,0.3149101067476926,0.5198159800531575,0.2081308845386406,14
38,8.970487046241761,0.9663780875547813,0.01763472557067871,0.0018107141349897082,100,0.5,1000,0.0001,"{'alpha': 100, 'l1_ratio': 0.5, 'max_iter': 1000, 'tol': 0.0001}",-104.12527832926072,-200.47305743197083,-187.41365320755742,-179.41635096227637,-105.25729633083756,-96.24509788428105,-226.62590174331794,-136.60435432621432,-302.22879357018957,-409.5949698304495,-194.79847536163552,93.99665629430547,28,-83.38362695190779,-152.98738471206357,-158.7806326570065,-151.335219771973,-81.96256461415868,-86.72468145709024,-174.50233869494994,-116.2029651011726,-182.4657786148689,-214.5178918009705,-140.28630843761616,43.78816937607827,28,0.10211594856506967,0.42678422024372087,0.6628902617509305,0.6339250393215359,-0.2258375813344604,0.712220068583316,0.35154466218459235,0.6026721453708688,0.27340538695074423,0.22865307174192595,0.37683732233782435,0.28033611139468473,22
39,8.254063725471497,0.9963214352657463,0.018289017677307128,0.0013369094725103096,100,0.7,1000,0.0001,"{'alpha': 100, 'l1_ratio': 0.7, 'max_iter': 1000, 'tol': 0.0001}",-110.82651705716609,-210.74287839837464,-209.8938331896824,-199.84679721436495,-119.19680705233503,-110.27008517021984,-238.99414435965525,-141.85754304051417,-313.6136295223486,-420.5836614421521,-207.58258964468132,94.14732335840068,32,-88.68250920899614,-161.80698347725175,-179.0431001920142,-170.52976665083438,-98.75302295722967,-97.7326701486022,-181.7403897288584,-123.11405116460537,-194.39554553829302,-225.45724683154975,-152.1255285898235,44.57827652472991,32,-0.017174061041308697,0.36655060663249195,0.5771676532137398,0.5458070692952909,-0.5720188702003994,0.6222376358266284,0.27883357396020503,0.5715256843903707,0.21763330225265687,0.18671020976348696,0.27772728040931627,0.34573945673553036,29
40,8.2915367603302,0.8834613625033446,0.015351438522338867,0.004444072133965896,100,0.9,1000,0.0001,"{'alpha': 100, 'l1_ratio': 0.9, 'max_iter': 1000, 'tol': 0.0001}",-114.98458477386596,-218.02435302417652,-231.1521308362493,-217.77018237431474,-130.14768504036877,-123.4966343843778,-248.92862143425765,-147.01642249652477,-322.1777355214709,-428.3821752224722,-218.20805251080787,94.0970766579213,36,-91.96957154496518,-169.45151051424588,-200.16987107058193,-185.48932658289448,-111.34578120057161,-110.2553644454347,-191.96067716102257,-127.3637000723371,-210.00198749418914,-233.3620068938144,-163.1369796980057,46.57568644888866,36,-0.09493200248657319,0.3220211867833328,0.4871803614823703,0.4606846083627103,-0.8741373079750658,0.5261798653503413,0.2176327776088619,0.5397946879834187,0.1743204127122039,0.15627035448111892,0.1915014944302719,0.40374350323890656,32
41,5.250250196456909,0.620905291433249,0.007429599761962891,0.00473020841635155,100,1,1000,0.0001,"{'alpha': 100, 'l1_ratio': 1, 'max_iter': 1000, 'tol': 0.0001}",-113.17447253825763,-214.35560049448682,-240.61009162110835,-244.63649374573427,-127.05835239587874,-125.87967178874561,-247.6211933890326,-145.41617324649016,-340.3972626261233,-430.5569222145262,-222.97062340603838,97.4880613970136,38,-86.50871135082186,-165.77537216399978,-209.77214217825778,-210.7240405438945,-111.76648680937109,-111.62734955471389,-194.95266565330283,-119.55705043353476,-237.25694983513358,-230.87807485612836,-167.88188433791584,53.27224582721943,38,-0.06073003224647566,0.34464626441948176,0.44435613616507696,0.31940544165065365,-0.7862200077909935,0.5077174160979848,0.22582952592471706,0.5497586792466922,0.07829357148468119,0.14768196689084012,0.17707389618426586,0.36952429572721107,34
